"","toCode","fromCode","rate","dis","orgGDP","amount","Province","Population","Birth_Rate","Avg_Life","GDP_PC","Unemploy_Rate","Flat_Rates","Price_Rates","City_Income","Country_income","Green_Rate","Disasters","Stu_Rate_H","Low_Income","Low_Income_Insurance","Flat_Rates_Change"
"1",12,11,0.02,"125",81658,1,"天津市",1355,8.58,78.89,85213,3.6,8744.77,104.9,26920.9,12321.2,2.17,0,4329,18,450,0.062547995
"2",13,11,0.22,"292",81658,11,"河北省",7241,13.02,74.97,33969,3.8,3982.85,105.7,18292.2,7119.7,7.11,18,2006,88.1,265,0.125416784
"3",14,11,0.02,"506",81658,1,"山西省",3593,10.47,74.92,31357,3.5,3432.71,105.2,18123.9,5601.4,3.25,14,2202,91.7,231,-0.015569257
"4",15,11,0.02,"480",81658,1,"内蒙古自治区",2482,8.94,74.44,57974,3.8,3782.93,105.6,20407.6,6641.6,4.11,8,1920,84.8,299,0.074390798
"5",21,11,0,"684",81658,0,"辽宁省",4383,5.71,76.38,50760,3.7,4732.65,105.2,20466.8,8296.5,9.6,291,2712,118.6,296,0.050532741
"6",22,11,0.04,"979",81658,2,"吉林省",2749,6.53,76.18,38460,3.7,4363.89,105.2,17796.6,7510,3.87,15,2807,115.6,228,0.196569783
"7",23,11,0.02,"1230",81658,1,"黑龙江省",3834,6.99,75.98,32819,4.1,3966.4,105.8,15696.2,7590.7,7.22,1,2409,155.6,240,0.066523259
"8",31,11,0.54,"1239",81658,27,"上海市",2347,6.97,80.26,82560,3.5,14603.24,105.2,36230.5,16053.8,12.23,0,3556,32.4,450,0.009626659
"9",32,11,0.02,"2373",81658,1,"江苏省",7899,9.59,76.63,62290,3.2,6554.41,105.3,26340.7,10805,23.75,52,2824,40.9,342,0.122138332
"10",33,11,0,"1322",81658,0,"浙江省",5463,9.47,77.73,59249,3.1,9838.06,105.4,30970.7,13070.7,10.52,679,2218,8.8,367,0.062655001
"11",34,11,0,"1037",81658,0,"安徽省",5968,12.23,75.08,25659,3.7,4776.1,105.6,18606.1,6232.2,7.6,175,2007,84.2,254,0.135814507
"12",35,11,0,"1981",81658,0,"福建省",3720,11.41,75.76,47377,3.7,7764.29,105.3,24907.4,8778.6,5.08,102,2200,18.1,218,0.241094949
"13",36,11,0,"1458",81658,0,"江西省",4488,13.48,74.33,26150,3,4147.7,105.2,17494.9,6891.6,4.51,660,2212,98.1,244,0.319243003
"14",37,11,0,"421",81658,0,"山东省",9637,11.5,76.46,47335,3.4,4447.73,105,22791.8,8342.1,16.56,27,2191,60.6,286,0.127720588
"15",41,11,0,"695",81658,0,"河南省",9388,11.56,74.57,28661,3.4,3500.8,105.6,18194.8,6604,6.96,49,1901,141.9,202,0.150821828
"16",42,11,0,"1171",81658,0,"湖北省",5758,10.39,74.87,34197,4.1,4486.39,105.8,18373.9,6897.9,6.21,580,2991,137.2,252,0.198608068
"17",43,11,0,"1516",81658,0,"湖南省",6596,13.35,74.7,29880,4.2,3790.26,105.5,18844.1,6567.1,4.96,8844,2054,145.1,214,0.204787031
"18",44,11,0.1,"2179",81658,5,"广东省",10505,10.45,76.49,50807,2.5,7879.17,105.3,26897.5,9371.7,41.06,100,1978,40,254,0.052520705
"19",45,11,0,"1373",81658,0,"广西壮族自治区",4645,13.71,75.11,25326,3.5,3772.47,105.9,18854.1,5231.3,6.45,411,1688,57.3,228,0.059087591
"20",46,11,0,"2775",81658,0,"海南省",877,14.72,76.3,28898,1.7,8943.45,106.1,18369,6446,4.98,107,2079,17.1,250,0.023863766
"21",50,11,0,"3026",81658,0,"重庆市",2919,9.88,75.7,34500,3.5,4733.84,105.3,20249.7,6480.4,4.39,133,2522,56.9,256,0.105779024
"22",51,11,0,"1881",81658,0,"四川省",8050,9.79,74.75,26133,4.2,4917.88,105.3,17899.1,6128.6,7.74,1997,1904,189.3,210,0.188467859
"23",52,11,0,"2318",81658,0,"贵州省",3469,13.31,71.1,16413,3.6,3888.78,105.1,16495,4145.4,3.05,214,1254,54.3,212,0.158409294
"24",53,11,0,"2907",81658,0,"云南省",4631,12.71,69.54,19265,4.1,3635.38,104.9,18575.6,4722,3.19,346,1520,93.1,206,0.151165294
"25",54,11,0,"3736",81658,0,"西藏自治区",303,15.39,68.17,20077,3.2,3474.51,105,16195.6,4904.3,0.29,139,1446,4.3,306,0.19976174
"26",61,11,0,"1092",81658,0,"陕西省",3743,9.75,74.68,33464,3.6,4949.2,105.7,18245.2,5027.9,2.82,667,3378,84.6,284,0.316626762
"27",62,11,0,"1622",81658,0,"甘肃省",2564,12.08,72.23,19595,3.1,3318.24,105.9,14988.7,3909.4,1.63,115,2041,88.1,189,0.090808679
"28",63,11,0,"1819",81658,0,"青海省",568,14.43,69.96,29522,3.8,3248.08,106.1,15603.3,4608.5,0.39,19,1082,23.5,232,0.080891847
"29",64,11,0,"1192",81658,0,"宁夏回族自治区",639,13.65,73.38,33043,4.4,3732.19,106.3,17578.9,5410,1.84,4,1912,20.8,212,0.129597458
"30",65,11,0,"3300",81658,0,"新疆维吾尔自治区",2209,14.99,72.35,30087,3.2,3548.79,105.9,15513.6,5442.2,4.41,24,1521,96,183,0.149591837
"31",11,12,0.427350427350427,"125",85213,50,"北京市",2019,8.29,80.18,81658,1.4,16851.95,105.6,32903,14735.7,6.35,13,5613,11.7,430,-0.052302891
"32",13,12,0.205128205128205,"308",85213,24,"河北省",7241,13.02,74.97,33969,3.8,3982.85,105.7,18292.2,7119.7,7.11,18,2006,88.1,265,0.125416784
"33",14,12,0.0170940170940171,"523",85213,2,"山西省",3593,10.47,74.92,31357,3.5,3432.71,105.2,18123.9,5601.4,3.25,14,2202,91.7,231,-0.015569257
"34",15,12,0.0256410256410256,"604",85213,3,"内蒙古自治区",2482,8.94,74.44,57974,3.8,3782.93,105.6,20407.6,6641.6,4.11,8,1920,84.8,299,0.074390798
"35",21,12,0.00854700854700855,"661",85213,1,"辽宁省",4383,5.71,76.38,50760,3.7,4732.65,105.2,20466.8,8296.5,9.6,291,2712,118.6,296,0.050532741
"36",22,12,0.0170940170940171,"955",85213,2,"吉林省",2749,6.53,76.18,38460,3.7,4363.89,105.2,17796.6,7510,3.87,15,2807,115.6,228,0.196569783
"37",23,12,0.0170940170940171,"1207",85213,2,"黑龙江省",3834,6.99,75.98,32819,4.1,3966.4,105.8,15696.2,7590.7,7.22,1,2409,155.6,240,0.066523259
"38",31,12,0.213675213675214,"1150",85213,25,"上海市",2347,6.97,80.26,82560,3.5,14603.24,105.2,36230.5,16053.8,12.23,0,3556,32.4,450,0.009626659
"39",32,12,0.00854700854700855,"975",85213,1,"江苏省",7899,9.59,76.63,62290,3.2,6554.41,105.3,26340.7,10805,23.75,52,2824,40.9,342,0.122138332
"40",33,12,0.00854700854700855,"1240",85213,1,"浙江省",5463,9.47,77.73,59249,3.1,9838.06,105.4,30970.7,13070.7,10.52,679,2218,8.8,367,0.062655001
"41",34,12,0.00854700854700855,"1217",85213,1,"安徽省",5968,12.23,75.08,25659,3.7,4776.1,105.6,18606.1,6232.2,7.6,175,2007,84.2,254,0.135814507
"42",35,12,0,"1891",85213,0,"福建省",3720,11.41,75.76,47377,3.7,7764.29,105.3,24907.4,8778.6,5.08,102,2200,18.1,218,0.241094949
"43",36,12,0,"1406",85213,0,"江西省",4488,13.48,74.33,26150,3,4147.7,105.2,17494.9,6891.6,4.51,660,2212,98.1,244,0.319243003
"44",37,12,0.00854700854700855,"332",85213,1,"山东省",9637,11.5,76.46,47335,3.4,4447.73,105,22791.8,8342.1,16.56,27,2191,60.6,286,0.127720588
"45",41,12,0,"711",85213,0,"河南省",9388,11.56,74.57,28661,3.4,3500.8,105.6,18194.8,6604,6.96,49,1901,141.9,202,0.150821828
"46",42,12,0.00854700854700855,"1187",85213,1,"湖北省",5758,10.39,74.87,34197,4.1,4486.39,105.8,18373.9,6897.9,6.21,580,2991,137.2,252,0.198608068
"47",43,12,0,"1576",85213,0,"湖南省",6596,13.35,74.7,29880,4.2,3790.26,105.5,18844.1,6567.1,4.96,8844,2054,145.1,214,0.204787031
"48",44,12,0.0256410256410256,"2197",85213,3,"广东省",10505,10.45,76.49,50807,2.5,7879.17,105.3,26897.5,9371.7,41.06,100,1978,40,254,0.052520705
"49",45,12,0,"2389",85213,0,"广西壮族自治区",4645,13.71,75.11,25326,3.5,3772.47,105.9,18854.1,5231.3,6.45,411,1688,57.3,228,0.059087591
"50",46,12,0,"2792",85213,0,"海南省",877,14.72,76.3,28898,1.7,8943.45,106.1,18369,6446,4.98,107,2079,17.1,250,0.023863766
"51",50,12,0,"1954",85213,0,"重庆市",2919,9.88,75.7,34500,3.5,4733.84,105.3,20249.7,6480.4,4.39,133,2522,56.9,256,0.105779024
"52",51,12,0,"1897",85213,0,"四川省",8050,9.79,74.75,26133,4.2,4917.88,105.3,17899.1,6128.6,7.74,1997,1904,189.3,210,0.188467859
"53",52,12,0,"2364",85213,0,"贵州省",3469,13.31,71.1,16413,3.6,3888.78,105.1,16495,4145.4,3.05,214,1254,54.3,212,0.158409294
"54",53,12,0,"2923",85213,0,"云南省",4631,12.71,69.54,19265,4.1,3635.38,104.9,18575.6,4722,3.19,346,1520,93.1,206,0.151165294
"55",54,12,0,"3740",85213,0,"西藏自治区",303,15.39,68.17,20077,3.2,3474.51,105,16195.6,4904.3,0.29,139,1446,4.3,306,0.19976174
"56",61,12,0,"1107",85213,0,"陕西省",3743,9.75,74.68,33464,3.6,4949.2,105.7,18245.2,5027.9,2.82,667,3378,84.6,284,0.316626762
"57",62,12,0,"1626",85213,0,"甘肃省",2564,12.08,72.23,19595,3.1,3318.24,105.9,14988.7,3909.4,1.63,115,2041,88.1,189,0.090808679
"58",63,12,0,"1897",85213,0,"青海省",568,14.43,69.96,29522,3.8,3248.08,106.1,15603.3,4608.5,0.39,19,1082,23.5,232,0.080891847
"59",64,12,0,"1316",85213,0,"宁夏回族自治区",639,13.65,73.38,33043,4.4,3732.19,106.3,17578.9,5410,1.84,4,1912,20.8,212,0.129597458
"60",65,12,0,"3330",85213,0,"新疆维吾尔自治区",2209,14.99,72.35,30087,3.2,3548.79,105.9,15513.6,5442.2,4.41,24,1521,96,183,0.149591837
"61",11,13,0.584974805313788,"292",33969,1277,"北京市",2019,8.29,80.18,81658,1.4,16851.95,105.6,32903,14735.7,6.35,13,5613,11.7,430,-0.052302891
"62",12,13,0.180027485112231,"308",33969,393,"天津市",1355,8.58,78.89,85213,3.6,8744.77,104.9,26920.9,12321.2,2.17,0,4329,18,450,0.062547995
"63",14,13,0.054512139257902,"218",33969,119,"山西省",3593,10.47,74.92,31357,3.5,3432.71,105.2,18123.9,5601.4,3.25,14,2202,91.7,231,-0.015569257
"64",15,13,0.0338983050847458,"736",33969,74,"内蒙古自治区",2482,8.94,74.44,57974,3.8,3782.93,105.6,20407.6,6641.6,4.11,8,1920,84.8,299,0.074390798
"65",21,13,0.0169491525423729,"964",33969,37,"辽宁省",4383,5.71,76.38,50760,3.7,4732.65,105.2,20466.8,8296.5,9.6,291,2712,118.6,296,0.050532741
"66",22,13,0.00687127805771874,"1259",33969,15,"吉林省",2749,6.53,76.18,38460,3.7,4363.89,105.2,17796.6,7510,3.87,15,2807,115.6,228,0.196569783
"67",23,13,0.00412276683463124,"1510",33969,9,"黑龙江省",3834,6.99,75.98,32819,4.1,3966.4,105.8,15696.2,7590.7,7.22,1,2409,155.6,240,0.066523259
"68",31,13,0.0609253321117728,"1118",33969,133,"上海市",2347,6.97,80.26,82560,3.5,14603.24,105.2,36230.5,16053.8,12.23,0,3556,32.4,450,0.009626659
"69",32,13,0.0142006413192854,"942",33969,31,"江苏省",7899,9.59,76.63,62290,3.2,6554.41,105.3,26340.7,10805,23.75,52,2824,40.9,342,0.122138332
"70",33,13,0.00366468163078333,"1200",33969,8,"浙江省",5463,9.47,77.73,59249,3.1,9838.06,105.4,30970.7,13070.7,10.52,679,2218,8.8,367,0.062655001
"71",34,13,0.00274851122308749,"915",33969,6,"安徽省",5968,12.23,75.08,25659,3.7,4776.1,105.6,18606.1,6232.2,7.6,175,2007,84.2,254,0.135814507
"72",35,13,0.00183234081539166,"1859",33969,4,"福建省",3720,11.41,75.76,47377,3.7,7764.29,105.3,24907.4,8778.6,5.08,102,2200,18.1,218,0.241094949
"73",36,13,0.00778744846541457,"1278",33969,17,"江西省",4488,13.48,74.33,26150,3,4147.7,105.2,17494.9,6891.6,4.51,660,2212,98.1,244,0.319243003
"74",37,13,0.0100778744846541,"300",33969,22,"山东省",9637,11.5,76.46,47335,3.4,4447.73,105,22791.8,8342.1,16.56,27,2191,60.6,286,0.127720588
"75",41,13,0.00549702244617499,"418",33969,12,"河南省",9388,11.56,74.57,28661,3.4,3500.8,105.6,18194.8,6604,6.96,49,1901,141.9,202,0.150821828
"76",42,13,0.00229042601923958,"955",33969,5,"湖北省",5758,10.39,74.87,34197,4.1,4486.39,105.8,18373.9,6897.9,6.21,580,2991,137.2,252,0.198608068
"77",43,13,0.00274851122308749,"1240",33969,6,"湖南省",6596,13.35,74.7,29880,4.2,3790.26,105.5,18844.1,6567.1,4.96,8844,2054,145.1,214,0.204787031
"78",44,13,0.00687127805771874,"1902",33969,15,"广东省",10505,10.45,76.49,50807,2.5,7879.17,105.3,26897.5,9371.7,41.06,100,1978,40,254,0.052520705
"79",45,13,0,"2096",33969,0,"广西壮族自治区",4645,13.71,75.11,25326,3.5,3772.47,105.9,18854.1,5231.3,6.45,411,1688,57.3,228,0.059087591
"80",46,13,0,"2496",33969,0,"海南省",877,14.72,76.3,28898,1.7,8943.45,106.1,18369,6446,4.98,107,2079,17.1,250,0.023863766
"81",50,13,0,"1650",33969,0,"重庆市",2919,9.88,75.7,34500,3.5,4733.84,105.3,20249.7,6480.4,4.39,133,2522,56.9,256,0.105779024
"82",51,13,0,"1593",33969,0,"四川省",8050,9.79,74.75,26133,4.2,4917.88,105.3,17899.1,6128.6,7.74,1997,1904,189.3,210,0.188467859
"83",52,13,0,"2030",33969,0,"贵州省",3469,13.31,71.1,16413,3.6,3888.78,105.1,16495,4145.4,3.05,214,1254,54.3,212,0.158409294
"84",53,13,0,"26119",33969,0,"云南省",4631,12.71,69.54,19265,4.1,3635.38,104.9,18575.6,4722,3.19,346,1520,93.1,206,0.151165294
"85",54,13,0,"3436",33969,0,"西藏自治区",303,15.39,68.17,20077,3.2,3474.51,105,16195.6,4904.3,0.29,139,1446,4.3,306,0.19976174
"86",61,13,0,"802",33969,0,"陕西省",3743,9.75,74.68,33464,3.6,4949.2,105.7,18245.2,5027.9,2.82,667,3378,84.6,284,0.316626762
"87",62,13,0,"1321",33969,0,"甘肃省",2564,12.08,72.23,19595,3.1,3318.24,105.9,14988.7,3909.4,1.63,115,2041,88.1,189,0.090808679
"88",63,13,0,"1519",33969,0,"青海省",568,14.43,69.96,29522,3.8,3248.08,106.1,15603.3,4608.5,0.39,19,1082,23.5,232,0.080891847
"89",64,13,0,"948",33969,0,"宁夏回族自治区",639,13.65,73.38,33043,4.4,3732.19,106.3,17578.9,5410,1.84,4,1912,20.8,212,0.129597458
"90",65,13,0,"3206",33969,0,"新疆维吾尔自治区",2209,14.99,72.35,30087,3.2,3548.79,105.9,15513.6,5442.2,4.41,24,1521,96,183,0.149591837
"91",11,14,0.413793103448276,"506",31357,264,"北京市",2019,8.29,80.18,81658,1.4,16851.95,105.6,32903,14735.7,6.35,13,5613,11.7,430,-0.052302891
"92",12,14,0.0815047021943574,"523",31357,52,"天津市",1355,8.58,78.89,85213,3.6,8744.77,104.9,26920.9,12321.2,2.17,0,4329,18,450,0.062547995
"93",13,14,0.04858934169279,"218",31357,31,"河北省",7241,13.02,74.97,33969,3.8,3982.85,105.7,18292.2,7119.7,7.11,18,2006,88.1,265,0.125416784
"94",15,14,0.147335423197492,"527",31357,94,"内蒙古自治区",2482,8.94,74.44,57974,3.8,3782.93,105.6,20407.6,6641.6,4.11,8,1920,84.8,299,0.074390798
"95",21,14,0.00783699059561128,"1179",31357,5,"辽宁省",4383,5.71,76.38,50760,3.7,4732.65,105.2,20466.8,8296.5,9.6,291,2712,118.6,296,0.050532741
"96",22,14,0.00156739811912226,"1473",31357,1,"吉林省",2749,6.53,76.18,38460,3.7,4363.89,105.2,17796.6,7510,3.87,15,2807,115.6,228,0.196569783
"97",23,14,0.00313479623824451,"1725",31357,2,"黑龙江省",3834,6.99,75.98,32819,4.1,3966.4,105.8,15696.2,7590.7,7.22,1,2409,155.6,240,0.066523259
"98",31,14,0.137931034482759,"1327",31357,88,"上海市",2347,6.97,80.26,82560,3.5,14603.24,105.2,36230.5,16053.8,12.23,0,3556,32.4,450,0.009626659
"99",32,14,0.0454545454545455,"1095",31357,29,"江苏省",7899,9.59,76.63,62290,3.2,6554.41,105.3,26340.7,10805,23.75,52,2824,40.9,342,0.122138332
"100",33,14,0.0219435736677116,"1370",31357,14,"浙江省",5463,9.47,77.73,59249,3.1,9838.06,105.4,30970.7,13070.7,10.52,679,2218,8.8,367,0.062655001
"101",34,14,0.00470219435736677,"1051",31357,3,"安徽省",5968,12.23,75.08,25659,3.7,4776.1,105.6,18606.1,6232.2,7.6,175,2007,84.2,254,0.135814507
"102",35,14,0.00313479623824451,"1882",31357,2,"福建省",3720,11.41,75.76,47377,3.7,7764.29,105.3,24907.4,8778.6,5.08,102,2200,18.1,218,0.241094949
"103",36,14,0.0188087774294671,"1389",31357,12,"江西省",4488,13.48,74.33,26150,3,4147.7,105.2,17494.9,6891.6,4.51,660,2212,98.1,244,0.319243003
"104",37,14,0.0109717868338558,"509",31357,7,"山东省",9637,11.5,76.46,47335,3.4,4447.73,105,22791.8,8342.1,16.56,27,2191,60.6,286,0.127720588
"105",41,14,0.0344827586206897,"437",31357,22,"河南省",9388,11.56,74.57,28661,3.4,3500.8,105.6,18194.8,6604,6.96,49,1901,141.9,202,0.150821828
"106",42,14,0,"997",31357,0,"湖北省",5758,10.39,74.87,34197,4.1,4486.39,105.8,18373.9,6897.9,6.21,580,2991,137.2,252,0.198608068
"107",43,14,0,"1281",31357,0,"湖南省",6596,13.35,74.7,29880,4.2,3790.26,105.5,18844.1,6567.1,4.96,8844,2054,145.1,214,0.204787031
"108",44,14,0.0188087774294671,"1944",31357,12,"广东省",10505,10.45,76.49,50807,2.5,7879.17,105.3,26897.5,9371.7,41.06,100,1978,40,254,0.052520705
"109",45,14,0,"2138",31357,0,"广西壮族自治区",4645,13.71,75.11,25326,3.5,3772.47,105.9,18854.1,5231.3,6.45,411,1688,57.3,228,0.059087591
"110",46,14,0,"2538",31357,0,"海南省",877,14.72,76.3,28898,1.7,8943.45,106.1,18369,6446,4.98,107,2079,17.1,250,0.023863766
"111",50,14,0,"1450",31357,0,"重庆市",2919,9.88,75.7,34500,3.5,4733.84,105.3,20249.7,6480.4,4.39,133,2522,56.9,256,0.105779024
"112",51,14,0,"1392",31357,0,"四川省",8050,9.79,74.75,26133,4.2,4917.88,105.3,17899.1,6128.6,7.74,1997,1904,189.3,210,0.188467859
"113",52,14,0,"1862",31357,0,"贵州省",3469,13.31,71.1,16413,3.6,3888.78,105.1,16495,4145.4,3.05,214,1254,54.3,212,0.158409294
"114",53,14,0,"2419",31357,0,"云南省",4631,12.71,69.54,19265,4.1,3635.38,104.9,18575.6,4722,3.19,346,1520,93.1,206,0.151165294
"115",54,14,0,"3236",31357,0,"西藏自治区",303,15.39,68.17,20077,3.2,3474.51,105,16195.6,4904.3,0.29,139,1446,4.3,306,0.19976174
"116",61,14,0,"602",31357,0,"陕西省",3743,9.75,74.68,33464,3.6,4949.2,105.7,18245.2,5027.9,2.82,667,3378,84.6,284,0.316626762
"117",62,14,0,"1121",31357,0,"甘肃省",2564,12.08,72.23,19595,3.1,3318.24,105.9,14988.7,3909.4,1.63,115,2041,88.1,189,0.090808679
"118",63,14,0,"1319",31357,0,"青海省",568,14.43,69.96,29522,3.8,3248.08,106.1,15603.3,4608.5,0.39,19,1082,23.5,232,0.080891847
"119",64,14,0,"748",31357,0,"宁夏回族自治区",639,13.65,73.38,33043,4.4,3732.19,106.3,17578.9,5410,1.84,4,1912,20.8,212,0.129597458
"120",65,14,0,"2825",31357,0,"新疆维吾尔自治区",2209,14.99,72.35,30087,3.2,3548.79,105.9,15513.6,5442.2,4.41,24,1521,96,183,0.149591837
"121",11,15,0.242835595776772,"480",57974,161,"北京市",2019,8.29,80.18,81658,1.4,16851.95,105.6,32903,14735.7,6.35,13,5613,11.7,430,-0.052302891
"122",12,15,0.0980392156862745,"604",57974,65,"天津市",1355,8.58,78.89,85213,3.6,8744.77,104.9,26920.9,12321.2,2.17,0,4329,18,450,0.062547995
"123",13,15,0.0663650075414781,"736",57974,44,"河北省",7241,13.02,74.97,33969,3.8,3982.85,105.7,18292.2,7119.7,7.11,18,2006,88.1,265,0.125416784
"124",14,15,0.135746606334842,"527",57974,90,"山西省",3593,10.47,74.92,31357,3.5,3432.71,105.2,18123.9,5601.4,3.25,14,2202,91.7,231,-0.015569257
"125",21,15,0.152337858220211,"1164",57974,101,"辽宁省",4383,5.71,76.38,50760,3.7,4732.65,105.2,20466.8,8296.5,9.6,291,2712,118.6,296,0.050532741
"126",22,15,0.0678733031674208,"1458",57974,45,"吉林省",2749,6.53,76.18,38460,3.7,4363.89,105.2,17796.6,7510,3.87,15,2807,115.6,228,0.196569783
"127",23,15,0.0754147812971342,"1710",57974,50,"黑龙江省",3834,6.99,75.98,32819,4.1,3966.4,105.8,15696.2,7590.7,7.22,1,2409,155.6,240,0.066523259
"128",31,15,0.0784313725490196,"1717",57974,52,"上海市",2347,6.97,80.26,82560,3.5,14603.24,105.2,36230.5,16053.8,12.23,0,3556,32.4,450,0.009626659
"129",32,15,0.0105580693815988,"1545",57974,7,"江苏省",7899,9.59,76.63,62290,3.2,6554.41,105.3,26340.7,10805,23.75,52,2824,40.9,342,0.122138332
"130",33,15,0.00603318250377074,"1802",57974,4,"浙江省",5463,9.47,77.73,59249,3.1,9838.06,105.4,30970.7,13070.7,10.52,679,2218,8.8,367,0.062655001
"131",34,15,0,"1518",57974,0,"安徽省",5968,12.23,75.08,25659,3.7,4776.1,105.6,18606.1,6232.2,7.6,175,2007,84.2,254,0.135814507
"132",35,15,0.00301659125188537,"2401",57974,2,"福建省",3720,11.41,75.76,47377,3.7,7764.29,105.3,24907.4,8778.6,5.08,102,2200,18.1,218,0.241094949
"133",36,15,0.0105580693815988,"1906",57974,7,"江西省",4488,13.48,74.33,26150,3,4147.7,105.2,17494.9,6891.6,4.51,660,2212,98.1,244,0.319243003
"134",37,15,0.0407239819004525,"902",57974,27,"山东省",9637,11.5,76.46,47335,3.4,4447.73,105,22791.8,8342.1,16.56,27,2191,60.6,286,0.127720588
"135",41,15,0,"955",57974,0,"河南省",9388,11.56,74.57,28661,3.4,3500.8,105.6,18194.8,6604,6.96,49,1901,141.9,202,0.150821828
"136",42,15,0.00452488687782805,"1514",57974,3,"湖北省",5758,10.39,74.87,34197,4.1,4486.39,105.8,18373.9,6897.9,6.21,580,2991,137.2,252,0.198608068
"137",43,15,0,"1798",57974,0,"湖南省",6596,13.35,74.7,29880,4.2,3790.26,105.5,18844.1,6567.1,4.96,8844,2054,145.1,214,0.204787031
"138",44,15,0.00754147812971342,"2461",57974,5,"广东省",10505,10.45,76.49,50807,2.5,7879.17,105.3,26897.5,9371.7,41.06,100,1978,40,254,0.052520705
"139",45,15,0,"2657",57974,0,"广西壮族自治区",4645,13.71,75.11,25326,3.5,3772.47,105.9,18854.1,5231.3,6.45,411,1688,57.3,228,0.059087591
"140",46,15,0,"3057",57974,0,"海南省",877,14.72,76.3,28898,1.7,8943.45,106.1,18369,6446,4.98,107,2079,17.1,250,0.023863766
"141",50,15,0,"1847",57974,0,"重庆市",2919,9.88,75.7,34500,3.5,4733.84,105.3,20249.7,6480.4,4.39,133,2522,56.9,256,0.105779024
"142",51,15,0,"1789",57974,0,"四川省",8050,9.79,74.75,26133,4.2,4917.88,105.3,17899.1,6128.6,7.74,1997,1904,189.3,210,0.188467859
"143",52,15,0,"2227",57974,0,"贵州省",3469,13.31,71.1,16413,3.6,3888.78,105.1,16495,4145.4,3.05,214,1254,54.3,212,0.158409294
"144",53,15,0,"2816",57974,0,"云南省",4631,12.71,69.54,19265,4.1,3635.38,104.9,18575.6,4722,3.19,346,1520,93.1,206,0.151165294
"145",54,15,0,"3260",57974,0,"西藏自治区",303,15.39,68.17,20077,3.2,3474.51,105,16195.6,4904.3,0.29,139,1446,4.3,306,0.19976174
"146",61,15,0,"1000",57974,0,"陕西省",3743,9.75,74.68,33464,3.6,4949.2,105.7,18245.2,5027.9,2.82,667,3378,84.6,284,0.316626762
"147",62,15,0,"1146",57974,0,"甘肃省",2564,12.08,72.23,19595,3.1,3318.24,105.9,14988.7,3909.4,1.63,115,2041,88.1,189,0.090808679
"148",63,15,0,"1344",57974,0,"青海省",568,14.43,69.96,29522,3.8,3248.08,106.1,15603.3,4608.5,0.39,19,1082,23.5,232,0.080891847
"149",64,15,0,"716",57974,0,"宁夏回族自治区",639,13.65,73.38,33043,4.4,3732.19,106.3,17578.9,5410,1.84,4,1912,20.8,212,0.129597458
"150",65,15,0,"2825",57974,0,"新疆维吾尔自治区",2209,14.99,72.35,30087,3.2,3548.79,105.9,15513.6,5442.2,4.41,24,1521,96,183,0.149591837
"151",11,21,0.330922242314647,"684",50760,183,"北京市",2019,8.29,80.18,81658,1.4,16851.95,105.6,32903,14735.7,6.35,13,5613,11.7,430,-0.052302891
"152",12,21,0.0886075949367089,"661",50760,49,"天津市",1355,8.58,78.89,85213,3.6,8744.77,104.9,26920.9,12321.2,2.17,0,4329,18,450,0.062547995
"153",13,21,0.0650994575045208,"964",50760,36,"河北省",7241,13.02,74.97,33969,3.8,3982.85,105.7,18292.2,7119.7,7.11,18,2006,88.1,265,0.125416784
"154",14,21,0.0108499095840868,"1179",50760,6,"山西省",3593,10.47,74.92,31357,3.5,3432.71,105.2,18123.9,5601.4,3.25,14,2202,91.7,231,-0.015569257
"155",15,21,0.0506329113924051,"1164",50760,28,"内蒙古自治区",2482,8.94,74.44,57974,3.8,3782.93,105.6,20407.6,6641.6,4.11,8,1920,84.8,299,0.074390798
"156",22,21,0.144665461121157,"294",50760,80,"吉林省",2749,6.53,76.18,38460,3.7,4363.89,105.2,17796.6,7510,3.87,15,2807,115.6,228,0.196569783
"157",23,21,0.0614828209764919,"546",50760,34,"黑龙江省",3834,6.99,75.98,32819,4.1,3966.4,105.8,15696.2,7590.7,7.22,1,2409,155.6,240,0.066523259
"158",31,21,0.173598553345389,"1796",50760,96,"上海市",2347,6.97,80.26,82560,3.5,14603.24,105.2,36230.5,16053.8,12.23,0,3556,32.4,450,0.009626659
"159",32,21,0.0216998191681736,"1610",50760,12,"江苏省",7899,9.59,76.63,62290,3.2,6554.41,105.3,26340.7,10805,23.75,52,2824,40.9,342,0.122138332
"160",33,21,0.0108499095840868,"1800",50760,6,"浙江省",5463,9.47,77.73,59249,3.1,9838.06,105.4,30970.7,13070.7,10.52,679,2218,8.8,367,0.062655001
"161",34,21,0.00904159132007233,"1587",50760,5,"安徽省",5968,12.23,75.08,25659,3.7,4776.1,105.6,18606.1,6232.2,7.6,175,2007,84.2,254,0.135814507
"162",35,21,0,"2533",50760,0,"福建省",3720,11.41,75.76,47377,3.7,7764.29,105.3,24907.4,8778.6,5.08,102,2200,18.1,218,0.241094949
"163",36,21,0.00723327305605787,"2045",50760,4,"江西省",4488,13.48,74.33,26150,3,4147.7,105.2,17494.9,6891.6,4.51,660,2212,98.1,244,0.319243003
"164",37,21,0.0054249547920434,"978",50760,3,"山东省",9637,11.5,76.46,47335,3.4,4447.73,105,22791.8,8342.1,16.56,27,2191,60.6,286,0.127720588
"165",41,21,0.00723327305605787,"1368",50760,4,"河南省",9388,11.56,74.57,28661,3.4,3500.8,105.6,18194.8,6604,6.96,49,1901,141.9,202,0.150821828
"166",42,21,0.00180831826401447,"1827",50760,1,"湖北省",5758,10.39,74.87,34197,4.1,4486.39,105.8,18373.9,6897.9,6.21,580,2991,137.2,252,0.198608068
"167",43,21,0,"2132",50760,0,"湖南省",6596,13.35,74.7,29880,4.2,3790.26,105.5,18844.1,6567.1,4.96,8844,2054,145.1,214,0.204787031
"168",44,21,0.0108499095840868,"2832",50760,6,"广东省",10505,10.45,76.49,50807,2.5,7879.17,105.3,26897.5,9371.7,41.06,100,1978,40,254,0.052520705
"169",45,21,0,"3046",50760,0,"广西壮族自治区",4645,13.71,75.11,25326,3.5,3772.47,105.9,18854.1,5231.3,6.45,411,1688,57.3,228,0.059087591
"170",46,21,0,"3435",50760,0,"海南省",877,14.72,76.3,28898,1.7,8943.45,106.1,18369,6446,4.98,107,2079,17.1,250,0.023863766
"171",50,21,0,"2610",50760,0,"重庆市",2919,9.88,75.7,34500,3.5,4733.84,105.3,20249.7,6480.4,4.39,133,2522,56.9,256,0.105779024
"172",51,21,0,"2547",50760,0,"四川省",8050,9.79,74.75,26133,4.2,4917.88,105.3,17899.1,6128.6,7.74,1997,1904,189.3,210,0.188467859
"173",52,21,0,"1987",50760,0,"贵州省",3469,13.31,71.1,16413,3.6,3888.78,105.1,16495,4145.4,3.05,214,1254,54.3,212,0.158409294
"174",53,21,0,"3572",50760,0,"云南省",4631,12.71,69.54,19265,4.1,3635.38,104.9,18575.6,4722,3.19,346,1520,93.1,206,0.151165294
"175",54,21,0,"4421",50760,0,"西藏自治区",303,15.39,68.17,20077,3.2,3474.51,105,16195.6,4904.3,0.29,139,1446,4.3,306,0.19976174
"176",61,21,0,"1763",50760,0,"陕西省",3743,9.75,74.68,33464,3.6,4949.2,105.7,18245.2,5027.9,2.82,667,3378,84.6,284,0.316626762
"177",62,21,0,"2303",50760,0,"甘肃省",2564,12.08,72.23,19595,3.1,3318.24,105.9,14988.7,3909.4,1.63,115,2041,88.1,189,0.090808679
"178",63,21,0,"2489",50760,0,"青海省",568,14.43,69.96,29522,3.8,3248.08,106.1,15603.3,4608.5,0.39,19,1082,23.5,232,0.080891847
"179",64,21,0,"1876",50760,0,"宁夏回族自治区",639,13.65,73.38,33043,4.4,3732.19,106.3,17578.9,5410,1.84,4,1912,20.8,212,0.129597458
"180",65,21,0,"3985",50760,0,"新疆维吾尔自治区",2209,14.99,72.35,30087,3.2,3548.79,105.9,15513.6,5442.2,4.41,24,1521,96,183,0.149591837
"181",11,22,0.175033921302578,"979",38460,129,"北京市",2019,8.29,80.18,81658,1.4,16851.95,105.6,32903,14735.7,6.35,13,5613,11.7,430,-0.052302891
"182",12,22,0.100407055630936,"955",38460,74,"天津市",1355,8.58,78.89,85213,3.6,8744.77,104.9,26920.9,12321.2,2.17,0,4329,18,450,0.062547995
"183",13,22,0.0461329715061058,"1259",38460,34,"河北省",7241,13.02,74.97,33969,3.8,3982.85,105.7,18292.2,7119.7,7.11,18,2006,88.1,265,0.125416784
"184",14,22,0.0162822252374491,"1473",38460,12,"山西省",3593,10.47,74.92,31357,3.5,3432.71,105.2,18123.9,5601.4,3.25,14,2202,91.7,231,-0.015569257
"185",15,22,0.0420624151967436,"1458",38460,31,"内蒙古自治区",2482,8.94,74.44,57974,3.8,3782.93,105.6,20407.6,6641.6,4.11,8,1920,84.8,299,0.074390798
"186",21,22,0.245590230664858,"294",38460,181,"辽宁省",4383,5.71,76.38,50760,3.7,4732.65,105.2,20466.8,8296.5,9.6,291,2712,118.6,296,0.050532741
"187",23,22,0.131614654002714,"256",38460,97,"黑龙江省",3834,6.99,75.98,32819,4.1,3966.4,105.8,15696.2,7590.7,7.22,1,2409,155.6,240,0.066523259
"188",31,22,0.131614654002714,"2090",38460,97,"上海市",2347,6.97,80.26,82560,3.5,14603.24,105.2,36230.5,16053.8,12.23,0,3556,32.4,450,0.009626659
"189",32,22,0.0162822252374491,"1915",38460,12,"江苏省",7899,9.59,76.63,62290,3.2,6554.41,105.3,26340.7,10805,23.75,52,2824,40.9,342,0.122138332
"190",33,22,0.0108548168249661,"2173",38460,8,"浙江省",5463,9.47,77.73,59249,3.1,9838.06,105.4,30970.7,13070.7,10.52,679,2218,8.8,367,0.062655001
"191",34,22,0.00814111261872456,"1888",38460,6,"安徽省",5968,12.23,75.08,25659,3.7,4776.1,105.6,18606.1,6232.2,7.6,175,2007,84.2,254,0.135814507
"192",35,22,0.00135685210312076,"2831",38460,1,"福建省",3720,11.41,75.76,47377,3.7,7764.29,105.3,24907.4,8778.6,5.08,102,2200,18.1,218,0.241094949
"193",36,22,0.00135685210312076,"2341",38460,1,"江西省",4488,13.48,74.33,26150,3,4147.7,105.2,17494.9,6891.6,4.51,660,2212,98.1,244,0.319243003
"194",37,22,0.0515603799185889,"1272",38460,38,"山东省",9637,11.5,76.46,47335,3.4,4447.73,105,22791.8,8342.1,16.56,27,2191,60.6,286,0.127720588
"195",41,22,0.00271370420624152,"1662",38460,2,"河南省",9388,11.56,74.57,28661,3.4,3500.8,105.6,18194.8,6604,6.96,49,1901,141.9,202,0.150821828
"196",42,22,0,"2137",38460,0,"湖北省",5758,10.39,74.87,34197,4.1,4486.39,105.8,18373.9,6897.9,6.21,580,2991,137.2,252,0.198608068
"197",43,22,0.00135685210312076,"2433",38460,1,"湖南省",6596,13.35,74.7,29880,4.2,3790.26,105.5,18844.1,6567.1,4.96,8844,2054,145.1,214,0.204787031
"198",44,22,0.0176390773405699,"3133",38460,13,"广东省",10505,10.45,76.49,50807,2.5,7879.17,105.3,26897.5,9371.7,41.06,100,1978,40,254,0.052520705
"199",45,22,0,"3340",38460,0,"广西壮族自治区",4645,13.71,75.11,25326,3.5,3772.47,105.9,18854.1,5231.3,6.45,411,1688,57.3,228,0.059087591
"200",46,22,0,"3732",38460,0,"海南省",877,14.72,76.3,28898,1.7,8943.45,106.1,18369,6446,4.98,107,2079,17.1,250,0.023863766
"201",50,22,0,"2905",38460,0,"重庆市",2919,9.88,75.7,34500,3.5,4733.84,105.3,20249.7,6480.4,4.39,133,2522,56.9,256,0.105779024
"202",51,22,0,"2847",38460,0,"四川省",8050,9.79,74.75,26133,4.2,4917.88,105.3,17899.1,6128.6,7.74,1997,1904,189.3,210,0.188467859
"203",52,22,0,"3285",38460,0,"贵州省",3469,13.31,71.1,16413,3.6,3888.78,105.1,16495,4145.4,3.05,214,1254,54.3,212,0.158409294
"204",53,22,0,"3874",38460,0,"云南省",4631,12.71,69.54,19265,4.1,3635.38,104.9,18575.6,4722,3.19,346,1520,93.1,206,0.151165294
"205",54,22,0,"4715",38460,0,"西藏自治区",303,15.39,68.17,20077,3.2,3474.51,105,16195.6,4904.3,0.29,139,1446,4.3,306,0.19976174
"206",61,22,0,"2057",38460,0,"陕西省",3743,9.75,74.68,33464,3.6,4949.2,105.7,18245.2,5027.9,2.82,667,3378,84.6,284,0.316626762
"207",62,22,0,"2598",38460,0,"甘肃省",2564,12.08,72.23,19595,3.1,3318.24,105.9,14988.7,3909.4,1.63,115,2041,88.1,189,0.090808679
"208",63,22,0,"2795",38460,0,"青海省",568,14.43,69.96,29522,3.8,3248.08,106.1,15603.3,4608.5,0.39,19,1082,23.5,232,0.080891847
"209",64,22,0,"2170",38460,0,"宁夏回族自治区",639,13.65,73.38,33043,4.4,3732.19,106.3,17578.9,5410,1.84,4,1912,20.8,212,0.129597458
"210",65,22,0,"4279",38460,0,"新疆维吾尔自治区",2209,14.99,72.35,30087,3.2,3548.79,105.9,15513.6,5442.2,4.41,24,1521,96,183,0.149591837
"211",11,23,0.152835820895522,"1230",32819,256,"北京市",2019,8.29,80.18,81658,1.4,16851.95,105.6,32903,14735.7,6.35,13,5613,11.7,430,-0.052302891
"212",12,23,0.0823880597014925,"1207",32819,138,"天津市",1355,8.58,78.89,85213,3.6,8744.77,104.9,26920.9,12321.2,2.17,0,4329,18,450,0.062547995
"213",13,23,0.0883582089552239,"1510",32819,148,"河北省",7241,13.02,74.97,33969,3.8,3982.85,105.7,18292.2,7119.7,7.11,18,2006,88.1,265,0.125416784
"214",14,23,0.00537313432835821,"1725",32819,9,"山西省",3593,10.47,74.92,31357,3.5,3432.71,105.2,18123.9,5601.4,3.25,14,2202,91.7,231,-0.015569257
"215",15,23,0.0423880597014925,"1710",32819,71,"内蒙古自治区",2482,8.94,74.44,57974,3.8,3782.93,105.6,20407.6,6641.6,4.11,8,1920,84.8,299,0.074390798
"216",21,23,0.280597014925373,"546",32819,470,"辽宁省",4383,5.71,76.38,50760,3.7,4732.65,105.2,20466.8,8296.5,9.6,291,2712,118.6,296,0.050532741
"217",22,23,0.152835820895522,"256",32819,256,"吉林省",2749,6.53,76.18,38460,3.7,4363.89,105.2,17796.6,7510,3.87,15,2807,115.6,228,0.196569783
"218",31,23,0.0955223880597015,"2342",32819,160,"上海市",2347,6.97,80.26,82560,3.5,14603.24,105.2,36230.5,16053.8,12.23,0,3556,32.4,450,0.009626659
"219",32,23,0.00955223880597015,"2166",32819,16,"江苏省",7899,9.59,76.63,62290,3.2,6554.41,105.3,26340.7,10805,23.75,52,2824,40.9,342,0.122138332
"220",33,23,0.0119402985074627,"2425",32819,20,"浙江省",5463,9.47,77.73,59249,3.1,9838.06,105.4,30970.7,13070.7,10.52,679,2218,8.8,367,0.062655001
"221",34,23,0.00119402985074627,"2140",32819,2,"安徽省",5968,12.23,75.08,25659,3.7,4776.1,105.6,18606.1,6232.2,7.6,175,2007,84.2,254,0.135814507
"222",35,23,0.00119402985074627,"3083",32819,2,"福建省",3720,11.41,75.76,47377,3.7,7764.29,105.3,24907.4,8778.6,5.08,102,2200,18.1,218,0.241094949
"223",36,23,0.0017910447761194,"2591",32819,3,"江西省",4488,13.48,74.33,26150,3,4147.7,105.2,17494.9,6891.6,4.51,660,2212,98.1,244,0.319243003
"224",37,23,0.0453731343283582,"1524",32819,76,"山东省",9637,11.5,76.46,47335,3.4,4447.73,105,22791.8,8342.1,16.56,27,2191,60.6,286,0.127720588
"225",41,23,0.00238805970149254,"1914",32819,4,"河南省",9388,11.56,74.57,28661,3.4,3500.8,105.6,18194.8,6604,6.96,49,1901,141.9,202,0.150821828
"226",42,23,0.00298507462686567,"2389",32819,5,"湖北省",5758,10.39,74.87,34197,4.1,4486.39,105.8,18373.9,6897.9,6.21,580,2991,137.2,252,0.198608068
"227",43,23,0.00238805970149254,"2700",32819,4,"湖南省",6596,13.35,74.7,29880,4.2,3790.26,105.5,18844.1,6567.1,4.96,8844,2054,145.1,214,0.204787031
"228",44,23,0.0208955223880597,"3383",32819,35,"广东省",10505,10.45,76.49,50807,2.5,7879.17,105.3,26897.5,9371.7,41.06,100,1978,40,254,0.052520705
"229",45,23,0,"3592",32819,0,"广西壮族自治区",4645,13.71,75.11,25326,3.5,3772.47,105.9,18854.1,5231.3,6.45,411,1688,57.3,228,0.059087591
"230",46,23,0,"3984",32819,0,"海南省",877,14.72,76.3,28898,1.7,8943.45,106.1,18369,6446,4.98,107,2079,17.1,250,0.023863766
"231",50,23,0,"3156",32819,0,"重庆市",2919,9.88,75.7,34500,3.5,4733.84,105.3,20249.7,6480.4,4.39,133,2522,56.9,256,0.105779024
"232",51,23,0,"3099",32819,0,"四川省",8050,9.79,74.75,26133,4.2,4917.88,105.3,17899.1,6128.6,7.74,1997,1904,189.3,210,0.188467859
"233",52,23,0,"3537",32819,0,"贵州省",3469,13.31,71.1,16413,3.6,3888.78,105.1,16495,4145.4,3.05,214,1254,54.3,212,0.158409294
"234",53,23,0,"4126",32819,0,"云南省",4631,12.71,69.54,19265,4.1,3635.38,104.9,18575.6,4722,3.19,346,1520,93.1,206,0.151165294
"235",54,23,0,"4967",32819,0,"西藏自治区",303,15.39,68.17,20077,3.2,3474.51,105,16195.6,4904.3,0.29,139,1446,4.3,306,0.19976174
"236",61,23,0,"2309",32819,0,"陕西省",3743,9.75,74.68,33464,3.6,4949.2,105.7,18245.2,5027.9,2.82,667,3378,84.6,284,0.316626762
"237",62,23,0,"2849",32819,0,"甘肃省",2564,12.08,72.23,19595,3.1,3318.24,105.9,14988.7,3909.4,1.63,115,2041,88.1,189,0.090808679
"238",63,23,0,"3047",32819,0,"青海省",568,14.43,69.96,29522,3.8,3248.08,106.1,15603.3,4608.5,0.39,19,1082,23.5,232,0.080891847
"239",64,23,0,"2422",32819,0,"宁夏回族自治区",639,13.65,73.38,33043,4.4,3732.19,106.3,17578.9,5410,1.84,4,1912,20.8,212,0.129597458
"240",65,23,0,"4531",32819,0,"新疆维吾尔自治区",2209,14.99,72.35,30087,3.2,3548.79,105.9,15513.6,5442.2,4.41,24,1521,96,183,0.149591837
"241",11,31,0.391304347826087,"1239",82560,9,"北京市",2019,8.29,80.18,81658,1.4,16851.95,105.6,32903,14735.7,6.35,13,5613,11.7,430,-0.052302891
"242",12,31,0.0434782608695652,"1150",82560,1,"天津市",1355,8.58,78.89,85213,3.6,8744.77,104.9,26920.9,12321.2,2.17,0,4329,18,450,0.062547995
"243",13,31,0.0434782608695652,"1118",82560,1,"河北省",7241,13.02,74.97,33969,3.8,3982.85,105.7,18292.2,7119.7,7.11,18,2006,88.1,265,0.125416784
"244",14,31,0,"1327",82560,0,"山西省",3593,10.47,74.92,31357,3.5,3432.71,105.2,18123.9,5601.4,3.25,14,2202,91.7,231,-0.015569257
"245",15,31,0,"1717",82560,0,"内蒙古自治区",2482,8.94,74.44,57974,3.8,3782.93,105.6,20407.6,6641.6,4.11,8,1920,84.8,299,0.074390798
"246",21,31,0.0434782608695652,"1796",82560,1,"辽宁省",4383,5.71,76.38,50760,3.7,4732.65,105.2,20466.8,8296.5,9.6,291,2712,118.6,296,0.050532741
"247",22,31,0,"2090",82560,0,"吉林省",2749,6.53,76.18,38460,3.7,4363.89,105.2,17796.6,7510,3.87,15,2807,115.6,228,0.196569783
"248",23,31,0,"2342",82560,0,"黑龙江省",3834,6.99,75.98,32819,4.1,3966.4,105.8,15696.2,7590.7,7.22,1,2409,155.6,240,0.066523259
"249",32,31,0.217391304347826,"295",82560,5,"江苏省",7899,9.59,76.63,62290,3.2,6554.41,105.3,26340.7,10805,23.75,52,2824,40.9,342,0.122138332
"250",33,31,0.0434782608695652,"178",82560,1,"浙江省",5463,9.47,77.73,59249,3.1,9838.06,105.4,30970.7,13070.7,10.52,679,2218,8.8,367,0.062655001
"251",34,31,0,"467",82560,0,"安徽省",5968,12.23,75.08,25659,3.7,4776.1,105.6,18606.1,6232.2,7.6,175,2007,84.2,254,0.135814507
"252",35,31,0.0434782608695652,"836",82560,1,"福建省",3720,11.41,75.76,47377,3.7,7764.29,105.3,24907.4,8778.6,5.08,102,2200,18.1,218,0.241094949
"253",36,31,0.0434782608695652,"775",82560,1,"江西省",4488,13.48,74.33,26150,3,4147.7,105.2,17494.9,6891.6,4.51,660,2212,98.1,244,0.319243003
"254",37,31,0.0434782608695652,"839",82560,1,"山东省",9637,11.5,76.46,47335,3.4,4447.73,105,22791.8,8342.1,16.56,27,2191,60.6,286,0.127720588
"255",41,31,0,"943",82560,0,"河南省",9388,11.56,74.57,28661,3.4,3500.8,105.6,18194.8,6604,6.96,49,1901,141.9,202,0.150821828
"256",42,31,0,"908",82560,0,"湖北省",5758,10.39,74.87,34197,4.1,4486.39,105.8,18373.9,6897.9,6.21,580,2991,137.2,252,0.198608068
"257",43,31,0,"1049",82560,0,"湖南省",6596,13.35,74.7,29880,4.2,3790.26,105.5,18844.1,6567.1,4.96,8844,2054,145.1,214,0.204787031
"258",44,31,0.0869565217391304,"1539",82560,2,"广东省",10505,10.45,76.49,50807,2.5,7879.17,105.3,26897.5,9371.7,41.06,100,1978,40,254,0.052520705
"259",45,31,0,"1892",82560,0,"广西壮族自治区",4645,13.71,75.11,25326,3.5,3772.47,105.9,18854.1,5231.3,6.45,411,1688,57.3,228,0.059087591
"260",46,31,0,"2134",82560,0,"海南省",877,14.72,76.3,28898,1.7,8943.45,106.1,18369,6446,4.98,107,2079,17.1,250,0.023863766
"261",50,31,0,"1945",82560,0,"重庆市",2919,9.88,75.7,34500,3.5,4733.84,105.3,20249.7,6480.4,4.39,133,2522,56.9,256,0.105779024
"262",51,31,0,"2181",82560,0,"四川省",8050,9.79,74.75,26133,4.2,4917.88,105.3,17899.1,6128.6,7.74,1997,1904,189.3,210,0.188467859
"263",52,31,0,"1910",82560,0,"贵州省",3469,13.31,71.1,16413,3.6,3888.78,105.1,16495,4145.4,3.05,214,1254,54.3,212,0.158409294
"264",53,31,0,"2529",82560,0,"云南省",4631,12.71,69.54,19265,4.1,3635.38,104.9,18575.6,4722,3.19,346,1520,93.1,206,0.151165294
"265",54,31,0,"4157",82560,0,"西藏自治区",303,15.39,68.17,20077,3.2,3474.51,105,16195.6,4904.3,0.29,139,1446,4.3,306,0.19976174
"266",61,31,0,"1381",82560,0,"陕西省",3743,9.75,74.68,33464,3.6,4949.2,105.7,18245.2,5027.9,2.82,667,3378,84.6,284,0.316626762
"267",62,31,0,"2006",82560,0,"甘肃省",2564,12.08,72.23,19595,3.1,3318.24,105.9,14988.7,3909.4,1.63,115,2041,88.1,189,0.090808679
"268",63,31,0,"2240",82560,0,"青海省",568,14.43,69.96,29522,3.8,3248.08,106.1,15603.3,4608.5,0.39,19,1082,23.5,232,0.080891847
"269",64,31,0,"2092",82560,0,"宁夏回族自治区",639,13.65,73.38,33043,4.4,3732.19,106.3,17578.9,5410,1.84,4,1912,20.8,212,0.129597458
"270",65,31,0,"3929",82560,0,"新疆维吾尔自治区",2209,14.99,72.35,30087,3.2,3548.79,105.9,15513.6,5442.2,4.41,24,1521,96,183,0.149591837
"271",11,32,0.0469216975493126,"1373",62290,157,"北京市",2019,8.29,80.18,81658,1.4,16851.95,105.6,32903,14735.7,6.35,13,5613,11.7,430,-0.052302891
"272",12,32,0.013747758517633,"975",62290,46,"天津市",1355,8.58,78.89,85213,3.6,8744.77,104.9,26920.9,12321.2,2.17,0,4329,18,450,0.062547995
"273",13,32,0.00806933652121937,"942",62290,27,"河北省",7241,13.02,74.97,33969,3.8,3982.85,105.7,18292.2,7119.7,7.11,18,2006,88.1,265,0.125416784
"274",14,32,0.00268977884040646,"1095",62290,9,"山西省",3593,10.47,74.92,31357,3.5,3432.71,105.2,18123.9,5601.4,3.25,14,2202,91.7,231,-0.015569257
"275",15,32,0.00358637178720861,"1545",62290,12,"内蒙古自治区",2482,8.94,74.44,57974,3.8,3782.93,105.6,20407.6,6641.6,4.11,8,1920,84.8,299,0.074390798
"276",21,32,0.00567842199641363,"1610",62290,19,"辽宁省",4383,5.71,76.38,50760,3.7,4732.65,105.2,20466.8,8296.5,9.6,291,2712,118.6,296,0.050532741
"277",22,32,0.00328750747160789,"1915",62290,11,"吉林省",2749,6.53,76.18,38460,3.7,4363.89,105.2,17796.6,7510,3.87,15,2807,115.6,228,0.196569783
"278",23,32,0.00119545726240287,"2166",62290,4,"黑龙江省",3834,6.99,75.98,32819,4.1,3966.4,105.8,15696.2,7590.7,7.22,1,2409,155.6,240,0.066523259
"279",31,32,0.825463239689181,"295",62290,2762,"上海市",2347,6.97,80.26,82560,3.5,14603.24,105.2,36230.5,16053.8,12.23,0,3556,32.4,450,0.009626659
"280",33,32,0.041243275552899,"278",62290,138,"浙江省",5463,9.47,77.73,59249,3.1,9838.06,105.4,30970.7,13070.7,10.52,679,2218,8.8,367,0.062655001
"281",34,32,0.00926479378362224,"173",62290,31,"安徽省",5968,12.23,75.08,25659,3.7,4776.1,105.6,18606.1,6232.2,7.6,175,2007,84.2,254,0.135814507
"282",35,32,0.00418410041841004,"966",62290,14,"福建省",3720,11.41,75.76,47377,3.7,7764.29,105.3,24907.4,8778.6,5.08,102,2200,18.1,218,0.241094949
"283",36,32,0.00926479378362224,"632",62290,31,"江西省",4488,13.48,74.33,26150,3,4147.7,105.2,17494.9,6891.6,4.51,660,2212,98.1,244,0.319243003
"284",37,32,0.00537955768081291,"663",62290,18,"山东省",9637,11.5,76.46,47335,3.4,4447.73,105,22791.8,8342.1,16.56,27,2191,60.6,286,0.127720588
"285",41,32,0.00358637178720861,"666",62290,12,"河南省",9388,11.56,74.57,28661,3.4,3500.8,105.6,18194.8,6604,6.96,49,1901,141.9,202,0.150821828
"286",42,32,0.00298864315600717,"614",62290,10,"湖北省",5758,10.39,74.87,34197,4.1,4486.39,105.8,18373.9,6897.9,6.21,580,2991,137.2,252,0.198608068
"287",43,32,0.00209205020920502,"927",62290,7,"湖南省",6596,13.35,74.7,29880,4.2,3790.26,105.5,18844.1,6567.1,4.96,8844,2054,145.1,214,0.204787031
"288",44,32,0.0113568439928273,"1462",62290,38,"广东省",10505,10.45,76.49,50807,2.5,7879.17,105.3,26897.5,9371.7,41.06,100,1978,40,254,0.052520705
"289",45,32,0,"1783",62290,0,"广西壮族自治区",4645,13.71,75.11,25326,3.5,3772.47,105.9,18854.1,5231.3,6.45,411,1688,57.3,228,0.059087591
"290",46,32,0,"2017",62290,0,"海南省",877,14.72,76.3,28898,1.7,8943.45,106.1,18369,6446,4.98,107,2079,17.1,250,0.023863766
"291",50,32,0,"1651",62290,0,"重庆市",2919,9.88,75.7,34500,3.5,4733.84,105.3,20249.7,6480.4,4.39,133,2522,56.9,256,0.105779024
"292",51,32,0,"1970",62290,0,"四川省",8050,9.79,74.75,26133,4.2,4917.88,105.3,17899.1,6128.6,7.74,1997,1904,189.3,210,0.188467859
"293",52,32,0,"1844",62290,0,"贵州省",3469,13.31,71.1,16413,3.6,3888.78,105.1,16495,4145.4,3.05,214,1254,54.3,212,0.158409294
"294",53,32,0,"2402",62290,0,"云南省",4631,12.71,69.54,19265,4.1,3635.38,104.9,18575.6,4722,3.19,346,1520,93.1,206,0.151165294
"295",54,32,0,"3880",62290,0,"西藏自治区",303,15.39,68.17,20077,3.2,3474.51,105,16195.6,4904.3,0.29,139,1446,4.3,306,0.19976174
"296",61,32,0,"1174",62290,0,"陕西省",3743,9.75,74.68,33464,3.6,4949.2,105.7,18245.2,5027.9,2.82,667,3378,84.6,284,0.316626762
"297",62,32,0,"1729",62290,0,"甘肃省",2564,12.08,72.23,19595,3.1,3318.24,105.9,14988.7,3909.4,1.63,115,2041,88.1,189,0.090808679
"298",63,32,0,"2029",62290,0,"青海省",568,14.43,69.96,29522,3.8,3248.08,106.1,15603.3,4608.5,0.39,19,1082,23.5,232,0.080891847
"299",64,32,0,"1815",62290,0,"宁夏回族自治区",639,13.65,73.38,33043,4.4,3732.19,106.3,17578.9,5410,1.84,4,1912,20.8,212,0.129597458
"300",65,32,0,"3652",62290,0,"新疆维吾尔自治区",2209,14.99,72.35,30087,3.2,3548.79,105.9,15513.6,5442.2,4.41,24,1521,96,183,0.149591837
"301",11,33,0.0740524781341108,"1322",59249,127,"北京市",2019,8.29,80.18,81658,1.4,16851.95,105.6,32903,14735.7,6.35,13,5613,11.7,430,-0.052302891
"302",12,33,0.0478134110787172,"1240",59249,82,"天津市",1355,8.58,78.89,85213,3.6,8744.77,104.9,26920.9,12321.2,2.17,0,4329,18,450,0.062547995
"303",13,33,0.0151603498542274,"1200",59249,26,"河北省",7241,13.02,74.97,33969,3.8,3982.85,105.7,18292.2,7119.7,7.11,18,2006,88.1,265,0.125416784
"304",14,33,0.0349854227405248,"1370",59249,60,"山西省",3593,10.47,74.92,31357,3.5,3432.71,105.2,18123.9,5601.4,3.25,14,2202,91.7,231,-0.015569257
"305",15,33,0.00641399416909621,"1802",59249,11,"内蒙古自治区",2482,8.94,74.44,57974,3.8,3782.93,105.6,20407.6,6641.6,4.11,8,1920,84.8,299,0.074390798
"306",21,33,0.0169096209912536,"1800",59249,29,"辽宁省",4383,5.71,76.38,50760,3.7,4732.65,105.2,20466.8,8296.5,9.6,291,2712,118.6,296,0.050532741
"307",22,33,0.0104956268221574,"2173",59249,18,"吉林省",2749,6.53,76.18,38460,3.7,4363.89,105.2,17796.6,7510,3.87,15,2807,115.6,228,0.196569783
"308",23,33,0.00466472303206997,"2425",59249,8,"黑龙江省",3834,6.99,75.98,32819,4.1,3966.4,105.8,15696.2,7590.7,7.22,1,2409,155.6,240,0.066523259
"309",31,33,0.551603498542274,"178",59249,946,"上海市",2347,6.97,80.26,82560,3.5,14603.24,105.2,36230.5,16053.8,12.23,0,3556,32.4,450,0.009626659
"310",32,33,0.0653061224489796,"278",59249,112,"江苏省",7899,9.59,76.63,62290,3.2,6554.41,105.3,26340.7,10805,23.75,52,2824,40.9,342,0.122138332
"311",34,33,0.0309037900874636,"419",59249,53,"安徽省",5968,12.23,75.08,25659,3.7,4776.1,105.6,18606.1,6232.2,7.6,175,2007,84.2,254,0.135814507
"312",35,33,0.0075801749271137,"688",59249,13,"福建省",3720,11.41,75.76,47377,3.7,7764.29,105.3,24907.4,8778.6,5.08,102,2200,18.1,218,0.241094949
"313",36,33,0.0419825072886297,"562",59249,72,"江西省",4488,13.48,74.33,26150,3,4147.7,105.2,17494.9,6891.6,4.51,660,2212,98.1,244,0.319243003
"314",37,33,0.0110787172011662,"929",59249,19,"山东省",9637,11.5,76.46,47335,3.4,4447.73,105,22791.8,8342.1,16.56,27,2191,60.6,286,0.127720588
"315",41,33,0.0157434402332362,"941",59249,27,"河南省",9388,11.56,74.57,28661,3.4,3500.8,105.6,18194.8,6604,6.96,49,1901,141.9,202,0.150821828
"316",42,33,0.0157434402332362,"860",59249,27,"湖北省",5758,10.39,74.87,34197,4.1,4486.39,105.8,18373.9,6897.9,6.21,580,2991,137.2,252,0.198608068
"317",43,33,0.0110787172011662,"971",59249,19,"湖南省",6596,13.35,74.7,29880,4.2,3790.26,105.5,18844.1,6567.1,4.96,8844,2054,145.1,214,0.204787031
"318",44,33,0.0384839650145773,"1352",59249,66,"广东省",10505,10.45,76.49,50807,2.5,7879.17,105.3,26897.5,9371.7,41.06,100,1978,40,254,0.052520705
"319",45,33,0,"1706",59249,0,"广西壮族自治区",4645,13.71,75.11,25326,3.5,3772.47,105.9,18854.1,5231.3,6.45,411,1688,57.3,228,0.059087591
"320",46,33,0,"1947",59249,0,"海南省",877,14.72,76.3,28898,1.7,8943.45,106.1,18369,6446,4.98,107,2079,17.1,250,0.023863766
"321",50,33,0,"1897",59249,0,"重庆市",2919,9.88,75.7,34500,3.5,4733.84,105.3,20249.7,6480.4,4.39,133,2522,56.9,256,0.105779024
"322",51,33,0,"2179",59249,0,"四川省",8050,9.79,74.75,26133,4.2,4917.88,105.3,17899.1,6128.6,7.74,1997,1904,189.3,210,0.188467859
"323",52,33,0,"1763",59249,0,"贵州省",3469,13.31,71.1,16413,3.6,3888.78,105.1,16495,4145.4,3.05,214,1254,54.3,212,0.158409294
"324",53,33,0,"2343",59249,0,"云南省",4631,12.71,69.54,19265,4.1,3635.38,104.9,18575.6,4722,3.19,346,1520,93.1,206,0.151165294
"325",54,33,0,"4155",59249,0,"西藏自治区",303,15.39,68.17,20077,3.2,3474.51,105,16195.6,4904.3,0.29,139,1446,4.3,306,0.19976174
"326",61,33,0,"1379",59249,0,"陕西省",3743,9.75,74.68,33464,3.6,4949.2,105.7,18245.2,5027.9,2.82,667,3378,84.6,284,0.316626762
"327",62,33,0,"2005",59249,0,"甘肃省",2564,12.08,72.23,19595,3.1,3318.24,105.9,14988.7,3909.4,1.63,115,2041,88.1,189,0.090808679
"328",63,33,0,"2239",59249,0,"青海省",568,14.43,69.96,29522,3.8,3248.08,106.1,15603.3,4608.5,0.39,19,1082,23.5,232,0.080891847
"329",64,33,0,"2091",59249,0,"宁夏回族自治区",639,13.65,73.38,33043,4.4,3732.19,106.3,17578.9,5410,1.84,4,1912,20.8,212,0.129597458
"330",65,33,0,"3928",59249,0,"新疆维吾尔自治区",2209,14.99,72.35,30087,3.2,3548.79,105.9,15513.6,5442.2,4.41,24,1521,96,183,0.149591837
"331",11,34,0.0605737158105404,"1037",25659,454,"北京市",2019,8.29,80.18,81658,1.4,16851.95,105.6,32903,14735.7,6.35,13,5613,11.7,430,-0.052302891
"332",12,34,0.0213475650433622,"1217",25659,160,"天津市",1355,8.58,78.89,85213,3.6,8744.77,104.9,26920.9,12321.2,2.17,0,4329,18,450,0.062547995
"333",13,34,0.00747164776517678,"915",25659,56,"河北省",7241,13.02,74.97,33969,3.8,3982.85,105.7,18292.2,7119.7,7.11,18,2006,88.1,265,0.125416784
"334",14,34,0.00493662441627752,"1051",25659,37,"山西省",3593,10.47,74.92,31357,3.5,3432.71,105.2,18123.9,5601.4,3.25,14,2202,91.7,231,-0.015569257
"335",15,34,0.00173448965977318,"1518",25659,13,"内蒙古自治区",2482,8.94,74.44,57974,3.8,3782.93,105.6,20407.6,6641.6,4.11,8,1920,84.8,299,0.074390798
"336",21,34,0.00840560373582388,"1587",25659,63,"辽宁省",4383,5.71,76.38,50760,3.7,4732.65,105.2,20466.8,8296.5,9.6,291,2712,118.6,296,0.050532741
"337",22,34,0.00600400266844563,"1888",25659,45,"吉林省",2749,6.53,76.18,38460,3.7,4363.89,105.2,17796.6,7510,3.87,15,2807,115.6,228,0.196569783
"338",23,34,0.00293529019346231,"2140",25659,22,"黑龙江省",3834,6.99,75.98,32819,4.1,3966.4,105.8,15696.2,7590.7,7.22,1,2409,155.6,240,0.066523259
"339",31,34,0.583855903935957,"467",25659,4376,"上海市",2347,6.97,80.26,82560,3.5,14603.24,105.2,36230.5,16053.8,12.23,0,3556,32.4,450,0.009626659
"340",32,34,0.12501667778519,"173",25659,937,"江苏省",7899,9.59,76.63,62290,3.2,6554.41,105.3,26340.7,10805,23.75,52,2824,40.9,342,0.122138332
"341",33,34,0.124082721814543,"419",25659,930,"浙江省",5463,9.47,77.73,59249,3.1,9838.06,105.4,30970.7,13070.7,10.52,679,2218,8.8,367,0.062655001
"342",35,34,0.0112074716477652,"999",25659,84,"福建省",3720,11.41,75.76,47377,3.7,7764.29,105.3,24907.4,8778.6,5.08,102,2200,18.1,218,0.241094949
"343",36,34,0.0076050700466978,"509",25659,57,"江西省",4488,13.48,74.33,26150,3,4147.7,105.2,17494.9,6891.6,4.51,660,2212,98.1,244,0.319243003
"344",37,34,0.00453635757171448,"660",25659,34,"山东省",9637,11.5,76.46,47335,3.4,4447.73,105,22791.8,8342.1,16.56,27,2191,60.6,286,0.127720588
"345",41,34,0.00507004669779853,"622",25659,38,"河南省",9388,11.56,74.57,28661,3.4,3500.8,105.6,18194.8,6604,6.96,49,1901,141.9,202,0.150821828
"346",42,34,0.00520346897931955,"457",25659,39,"湖北省",5758,10.39,74.87,34197,4.1,4486.39,105.8,18373.9,6897.9,6.21,580,2991,137.2,252,0.198608068
"347",43,34,0.00213475650433622,"771",25659,16,"湖南省",6596,13.35,74.7,29880,4.2,3790.26,105.5,18844.1,6567.1,4.96,8844,2054,145.1,214,0.204787031
"348",44,34,0.0178785857238159,"1268",25659,134,"广东省",10505,10.45,76.49,50807,2.5,7879.17,105.3,26897.5,9371.7,41.06,100,1978,40,254,0.052520705
"349",45,34,0,"1626",25659,0,"广西壮族自治区",4645,13.71,75.11,25326,3.5,3772.47,105.9,18854.1,5231.3,6.45,411,1688,57.3,228,0.059087591
"350",46,34,0,"1868",25659,0,"海南省",877,14.72,76.3,28898,1.7,8943.45,106.1,18369,6446,4.98,107,2079,17.1,250,0.023863766
"351",50,34,0,"1449",25659,0,"重庆市",2919,9.88,75.7,34500,3.5,4733.84,105.3,20249.7,6480.4,4.39,133,2522,56.9,256,0.105779024
"352",51,34,0,"1860",25659,0,"四川省",8050,9.79,74.75,26133,4.2,4917.88,105.3,17899.1,6128.6,7.74,1997,1904,189.3,210,0.188467859
"353",52,34,0,"1688",25659,0,"贵州省",3469,13.31,71.1,16413,3.6,3888.78,105.1,16495,4145.4,3.05,214,1254,54.3,212,0.158409294
"354",53,34,0,"2245",25659,0,"云南省",4631,12.71,69.54,19265,4.1,3635.38,104.9,18575.6,4722,3.19,346,1520,93.1,206,0.151165294
"355",54,34,0,"3836",25659,0,"西藏自治区",303,15.39,68.17,20077,3.2,3474.51,105,16195.6,4904.3,0.29,139,1446,4.3,306,0.19976174
"356",61,34,0,"1104",25659,0,"陕西省",3743,9.75,74.68,33464,3.6,4949.2,105.7,18245.2,5027.9,2.82,667,3378,84.6,284,0.316626762
"357",62,34,0,"1685",25659,0,"甘肃省",2564,12.08,72.23,19595,3.1,3318.24,105.9,14988.7,3909.4,1.63,115,2041,88.1,189,0.090808679
"358",63,34,0,"1920",25659,0,"青海省",568,14.43,69.96,29522,3.8,3248.08,106.1,15603.3,4608.5,0.39,19,1082,23.5,232,0.080891847
"359",64,34,0,"1771",25659,0,"宁夏回族自治区",639,13.65,73.38,33043,4.4,3732.19,106.3,17578.9,5410,1.84,4,1912,20.8,212,0.129597458
"360",65,34,0,"3609",25659,0,"新疆维吾尔自治区",2209,14.99,72.35,30087,3.2,3548.79,105.9,15513.6,5442.2,4.41,24,1521,96,183,0.149591837
"361",11,35,0.0699198834668609,"1981",47377,96,"北京市",2019,8.29,80.18,81658,1.4,16851.95,105.6,32903,14735.7,6.35,13,5613,11.7,430,-0.052302891
"362",12,35,0.0152949745083758,"1891",47377,21,"天津市",1355,8.58,78.89,85213,3.6,8744.77,104.9,26920.9,12321.2,2.17,0,4329,18,450,0.062547995
"363",13,35,0.0160233066278223,"1859",47377,22,"河北省",7241,13.02,74.97,33969,3.8,3982.85,105.7,18292.2,7119.7,7.11,18,2006,88.1,265,0.125416784
"364",14,35,0.0189366351056082,"1882",47377,26,"山西省",3593,10.47,74.92,31357,3.5,3432.71,105.2,18123.9,5601.4,3.25,14,2202,91.7,231,-0.015569257
"365",15,35,0.00509832483612527,"2401",47377,7,"内蒙古自治区",2482,8.94,74.44,57974,3.8,3782.93,105.6,20407.6,6641.6,4.11,8,1920,84.8,299,0.074390798
"366",21,35,0.00728332119446468,"2533",47377,10,"辽宁省",4383,5.71,76.38,50760,3.7,4732.65,105.2,20466.8,8296.5,9.6,291,2712,118.6,296,0.050532741
"367",22,35,0.00801165331391114,"2831",47377,11,"吉林省",2749,6.53,76.18,38460,3.7,4363.89,105.2,17796.6,7510,3.87,15,2807,115.6,228,0.196569783
"368",23,35,0.0116533139111435,"3083",47377,16,"黑龙江省",3834,6.99,75.98,32819,4.1,3966.4,105.8,15696.2,7590.7,7.22,1,2409,155.6,240,0.066523259
"369",31,35,0.464675892206846,"836",47377,638,"上海市",2347,6.97,80.26,82560,3.5,14603.24,105.2,36230.5,16053.8,12.23,0,3556,32.4,450,0.009626659
"370",32,35,0.0429715950473416,"966",47377,59,"江苏省",7899,9.59,76.63,62290,3.2,6554.41,105.3,26340.7,10805,23.75,52,2824,40.9,342,0.122138332
"371",33,35,0.0458849235251275,"688",47377,63,"浙江省",5463,9.47,77.73,59249,3.1,9838.06,105.4,30970.7,13070.7,10.52,679,2218,8.8,367,0.062655001
"372",34,35,0.021849963583394,"999",47377,30,"安徽省",5968,12.23,75.08,25659,3.7,4776.1,105.6,18606.1,6232.2,7.6,175,2007,84.2,254,0.135814507
"373",36,35,0.0517115804806992,"582",47377,71,"江西省",4488,13.48,74.33,26150,3,4147.7,105.2,17494.9,6891.6,4.51,660,2212,98.1,244,0.319243003
"374",37,35,0.00873998543335761,"1580",47377,12,"山东省",9637,11.5,76.46,47335,3.4,4447.73,105,22791.8,8342.1,16.56,27,2191,60.6,286,0.127720588
"375",41,35,0.0291332847778587,"1452",47377,40,"河南省",9388,11.56,74.57,28661,3.4,3500.8,105.6,18194.8,6604,6.96,49,1901,141.9,202,0.150821828
"376",42,35,0.0182083029861617,"924",47377,25,"湖北省",5758,10.39,74.87,34197,4.1,4486.39,105.8,18373.9,6897.9,6.21,580,2991,137.2,252,0.198608068
"377",43,35,0.00946831755280408,"967",47377,13,"湖南省",6596,13.35,74.7,29880,4.2,3790.26,105.5,18844.1,6567.1,4.96,8844,2054,145.1,214,0.204787031
"378",44,35,0.155134741442098,"901",47377,213,"广东省",10505,10.45,76.49,50807,2.5,7879.17,105.3,26897.5,9371.7,41.06,100,1978,40,254,0.052520705
"379",45,35,0,"1615",47377,0,"广西壮族自治区",4645,13.71,75.11,25326,3.5,3772.47,105.9,18854.1,5231.3,6.45,411,1688,57.3,228,0.059087591
"380",46,35,0,"1497",47377,0,"海南省",877,14.72,76.3,28898,1.7,8943.45,106.1,18369,6446,4.98,107,2079,17.1,250,0.023863766
"381",50,35,0,"1962",47377,0,"重庆市",2919,9.88,75.7,34500,3.5,4733.84,105.3,20249.7,6480.4,4.39,133,2522,56.9,256,0.105779024
"382",51,35,0,"2341",47377,0,"四川省",8050,9.79,74.75,26133,4.2,4917.88,105.3,17899.1,6128.6,7.74,1997,1904,189.3,210,0.188467859
"383",52,35,0,"1756",47377,0,"贵州省",3469,13.31,71.1,16413,3.6,3888.78,105.1,16495,4145.4,3.05,214,1254,54.3,212,0.158409294
"384",53,35,0,"2478",47377,0,"云南省",4631,12.71,69.54,19265,4.1,3635.38,104.9,18575.6,4722,3.19,346,1520,93.1,206,0.151165294
"385",54,35,0,"4447",47377,0,"西藏自治区",303,15.39,68.17,20077,3.2,3474.51,105,16195.6,4904.3,0.29,139,1446,4.3,306,0.19976174
"386",61,35,0,"1699",47377,0,"陕西省",3743,9.75,74.68,33464,3.6,4949.2,105.7,18245.2,5027.9,2.82,667,3378,84.6,284,0.316626762
"387",62,35,0,"2332",47377,0,"甘肃省",2564,12.08,72.23,19595,3.1,3318.24,105.9,14988.7,3909.4,1.63,115,2041,88.1,189,0.090808679
"388",63,35,0,"2566",47377,0,"青海省",568,14.43,69.96,29522,3.8,3248.08,106.1,15603.3,4608.5,0.39,19,1082,23.5,232,0.080891847
"389",64,35,0,"2418",47377,0,"宁夏回族自治区",639,13.65,73.38,33043,4.4,3732.19,106.3,17578.9,5410,1.84,4,1912,20.8,212,0.129597458
"390",65,35,0,"4255",47377,0,"新疆维吾尔自治区",2209,14.99,72.35,30087,3.2,3548.79,105.9,15513.6,5442.2,4.41,24,1521,96,183,0.149591837
"391",11,36,0.0544105523495466,"1458",26150,132,"北京市",2019,8.29,80.18,81658,1.4,16851.95,105.6,32903,14735.7,6.35,13,5613,11.7,430,-0.052302891
"392",12,36,0.00700741962077494,"1406",26150,17,"天津市",1355,8.58,78.89,85213,3.6,8744.77,104.9,26920.9,12321.2,2.17,0,4329,18,450,0.062547995
"393",13,36,0.00453421269579555,"1278",26150,11,"河北省",7241,13.02,74.97,33969,3.8,3982.85,105.7,18292.2,7119.7,7.11,18,2006,88.1,265,0.125416784
"394",14,36,0.00370981038746909,"1389",26150,9,"山西省",3593,10.47,74.92,31357,3.5,3432.71,105.2,18123.9,5601.4,3.25,14,2202,91.7,231,-0.015569257
"395",15,36,0.00206100577081616,"1906",26150,5,"内蒙古自治区",2482,8.94,74.44,57974,3.8,3782.93,105.6,20407.6,6641.6,4.11,8,1920,84.8,299,0.074390798
"396",21,36,0.00659521846661171,"2045",26150,16,"辽宁省",4383,5.71,76.38,50760,3.7,4732.65,105.2,20466.8,8296.5,9.6,291,2712,118.6,296,0.050532741
"397",22,36,0.00206100577081616,"2341",26150,5,"吉林省",2749,6.53,76.18,38460,3.7,4363.89,105.2,17796.6,7510,3.87,15,2807,115.6,228,0.196569783
"398",23,36,0.000824402308326463,"2591",26150,2,"黑龙江省",3834,6.99,75.98,32819,4.1,3966.4,105.8,15696.2,7590.7,7.22,1,2409,155.6,240,0.066523259
"399",31,36,0.329348722176422,"775",26150,799,"上海市",2347,6.97,80.26,82560,3.5,14603.24,105.2,36230.5,16053.8,12.23,0,3556,32.4,450,0.009626659
"400",32,36,0.0399835119538335,"632",26150,97,"江苏省",7899,9.59,76.63,62290,3.2,6554.41,105.3,26340.7,10805,23.75,52,2824,40.9,342,0.122138332
"401",33,36,0.206512778235779,"562",26150,501,"浙江省",5463,9.47,77.73,59249,3.1,9838.06,105.4,30970.7,13070.7,10.52,679,2218,8.8,367,0.062655001
"402",34,36,0.0115416323165705,"509",26150,28,"安徽省",5968,12.23,75.08,25659,3.7,4776.1,105.6,18606.1,6232.2,7.6,175,2007,84.2,254,0.135814507
"403",35,36,0.110469909315746,"582",26150,268,"福建省",3720,11.41,75.76,47377,3.7,7764.29,105.3,24907.4,8778.6,5.08,102,2200,18.1,218,0.241094949
"404",37,36,0.00164880461665293,"1095",26150,4,"山东省",9637,11.5,76.46,47335,3.4,4447.73,105,22791.8,8342.1,16.56,27,2191,60.6,286,0.127720588
"405",41,36,0.00247320692497939,"961",26150,6,"河南省",9388,11.56,74.57,28661,3.4,3500.8,105.6,18194.8,6604,6.96,49,1901,141.9,202,0.150821828
"406",42,36,0.0127782357790602,"434",26150,31,"湖北省",5758,10.39,74.87,34197,4.1,4486.39,105.8,18373.9,6897.9,6.21,580,2991,137.2,252,0.198608068
"407",43,36,0.0140148392415499,"453",26150,34,"湖南省",6596,13.35,74.7,29880,4.2,3790.26,105.5,18844.1,6567.1,4.96,8844,2054,145.1,214,0.204787031
"408",44,36,0.19002473206925,"835",26150,461,"广东省",10505,10.45,76.49,50807,2.5,7879.17,105.3,26897.5,9371.7,41.06,100,1978,40,254,0.052520705
"409",45,36,0,"1185",26150,0,"广西壮族自治区",4645,13.71,75.11,25326,3.5,3772.47,105.9,18854.1,5231.3,6.45,411,1688,57.3,228,0.059087591
"410",46,36,0,"1426",26150,0,"海南省",877,14.72,76.3,28898,1.7,8943.45,106.1,18369,6446,4.98,107,2079,17.1,250,0.023863766
"411",50,36,0,"1400",26150,0,"重庆市",2919,9.88,75.7,34500,3.5,4733.84,105.3,20249.7,6480.4,4.39,133,2522,56.9,256,0.105779024
"412",51,36,0,"1844",26150,0,"四川省",8050,9.79,74.75,26133,4.2,4917.88,105.3,17899.1,6128.6,7.74,1997,1904,189.3,210,0.188467859
"413",52,36,0,"1242",26150,0,"贵州省",3469,13.31,71.1,16413,3.6,3888.78,105.1,16495,4145.4,3.05,214,1254,54.3,212,0.158409294
"414",53,36,0,"1822",26150,0,"云南省",4631,12.71,69.54,19265,4.1,3635.38,104.9,18575.6,4722,3.19,346,1520,93.1,206,0.151165294
"415",54,36,0,"3885",26150,0,"西藏自治区",303,15.39,68.17,20077,3.2,3474.51,105,16195.6,4904.3,0.29,139,1446,4.3,306,0.19976174
"416",61,36,0,"1205",26150,0,"陕西省",3743,9.75,74.68,33464,3.6,4949.2,105.7,18245.2,5027.9,2.82,667,3378,84.6,284,0.316626762
"417",62,36,0,"1835",26150,0,"甘肃省",2564,12.08,72.23,19595,3.1,3318.24,105.9,14988.7,3909.4,1.63,115,2041,88.1,189,0.090808679
"418",63,36,0,"2068",26150,0,"青海省",568,14.43,69.96,29522,3.8,3248.08,106.1,15603.3,4608.5,0.39,19,1082,23.5,232,0.080891847
"419",64,36,0,"1921",26150,0,"宁夏回族自治区",639,13.65,73.38,33043,4.4,3732.19,106.3,17578.9,5410,1.84,4,1912,20.8,212,0.129597458
"420",65,36,0,"3647",26150,0,"新疆维吾尔自治区",2209,14.99,72.35,30087,3.2,3548.79,105.9,15513.6,5442.2,4.41,24,1521,96,183,0.149591837
"421",11,37,0.274305555555556,"421",47335,711,"北京市",2019,8.29,80.18,81658,1.4,16851.95,105.6,32903,14735.7,6.35,13,5613,11.7,430,-0.052302891
"422",12,37,0.157407407407407,"332",47335,408,"天津市",1355,8.58,78.89,85213,3.6,8744.77,104.9,26920.9,12321.2,2.17,0,4329,18,450,0.062547995
"423",13,37,0.029320987654321,"300",47335,76,"河北省",7241,13.02,74.97,33969,3.8,3982.85,105.7,18292.2,7119.7,7.11,18,2006,88.1,265,0.125416784
"424",14,37,0.0165895061728395,"509",47335,43,"山西省",3593,10.47,74.92,31357,3.5,3432.71,105.2,18123.9,5601.4,3.25,14,2202,91.7,231,-0.015569257
"425",15,37,0.0138888888888889,"902",47335,36,"内蒙古自治区",2482,8.94,74.44,57974,3.8,3782.93,105.6,20407.6,6641.6,4.11,8,1920,84.8,299,0.074390798
"426",21,37,0.0347222222222222,"978",47335,90,"辽宁省",4383,5.71,76.38,50760,3.7,4732.65,105.2,20466.8,8296.5,9.6,291,2712,118.6,296,0.050532741
"427",22,37,0.0227623456790123,"1272",47335,59,"吉林省",2749,6.53,76.18,38460,3.7,4363.89,105.2,17796.6,7510,3.87,15,2807,115.6,228,0.196569783
"428",23,37,0.0227623456790123,"1524",47335,59,"黑龙江省",3834,6.99,75.98,32819,4.1,3966.4,105.8,15696.2,7590.7,7.22,1,2409,155.6,240,0.066523259
"429",31,37,0.265046296296296,"839",47335,687,"上海市",2347,6.97,80.26,82560,3.5,14603.24,105.2,36230.5,16053.8,12.23,0,3556,32.4,450,0.009626659
"430",32,37,0.0790895061728395,"663",47335,205,"江苏省",7899,9.59,76.63,62290,3.2,6554.41,105.3,26340.7,10805,23.75,52,2824,40.9,342,0.122138332
"431",33,37,0.03125,"929",47335,81,"浙江省",5463,9.47,77.73,59249,3.1,9838.06,105.4,30970.7,13070.7,10.52,679,2218,8.8,367,0.062655001
"432",34,37,0.00308641975308642,"660",47335,8,"安徽省",5968,12.23,75.08,25659,3.7,4776.1,105.6,18606.1,6232.2,7.6,175,2007,84.2,254,0.135814507
"433",35,37,0.0104166666666667,"1580",47335,27,"福建省",3720,11.41,75.76,47377,3.7,7764.29,105.3,24907.4,8778.6,5.08,102,2200,18.1,218,0.241094949
"434",36,37,0.00810185185185185,"1095",47335,21,"江西省",4488,13.48,74.33,26150,3,4147.7,105.2,17494.9,6891.6,4.51,660,2212,98.1,244,0.319243003
"435",41,37,0.00887345679012346,"495",47335,23,"河南省",9388,11.56,74.57,28661,3.4,3500.8,105.6,18194.8,6604,6.96,49,1901,141.9,202,0.150821828
"436",42,37,0.00462962962962963,"919",47335,12,"湖北省",5758,10.39,74.87,34197,4.1,4486.39,105.8,18373.9,6897.9,6.21,580,2991,137.2,252,0.198608068
"437",43,37,0.000385802469135802,"1209",47335,1,"湖南省",6596,13.35,74.7,29880,4.2,3790.26,105.5,18844.1,6567.1,4.96,8844,2054,145.1,214,0.204787031
"438",44,37,0.0173611111111111,"1887",47335,45,"广东省",10505,10.45,76.49,50807,2.5,7879.17,105.3,26897.5,9371.7,41.06,100,1978,40,254,0.052520705
"439",45,37,0,"2122",47335,0,"广西壮族自治区",4645,13.71,75.11,25326,3.5,3772.47,105.9,18854.1,5231.3,6.45,411,1688,57.3,228,0.059087591
"440",46,37,0,"2480",47335,0,"海南省",877,14.72,76.3,28898,1.7,8943.45,106.1,18369,6446,4.98,107,2079,17.1,250,0.023863766
"441",50,37,0,"1799",47335,0,"重庆市",2919,9.88,75.7,34500,3.5,4733.84,105.3,20249.7,6480.4,4.39,133,2522,56.9,256,0.105779024
"442",51,37,0,"1751",47335,0,"四川省",8050,9.79,74.75,26133,4.2,4917.88,105.3,17899.1,6128.6,7.74,1997,1904,189.3,210,0.188467859
"443",52,37,0,"1934",47335,0,"贵州省",3469,13.31,71.1,16413,3.6,3888.78,105.1,16495,4145.4,3.05,214,1254,54.3,212,0.158409294
"444",53,37,0,"2514",47335,0,"云南省",4631,12.71,69.54,19265,4.1,3635.38,104.9,18575.6,4722,3.19,346,1520,93.1,206,0.151165294
"445",54,37,0,"3726",47335,0,"西藏自治区",303,15.39,68.17,20077,3.2,3474.51,105,16195.6,4904.3,0.29,139,1446,4.3,306,0.19976174
"446",61,37,0,"951",47335,0,"陕西省",3743,9.75,74.68,33464,3.6,4949.2,105.7,18245.2,5027.9,2.82,667,3378,84.6,284,0.316626762
"447",62,37,0,"1612",47335,0,"甘肃省",2564,12.08,72.23,19595,3.1,3318.24,105.9,14988.7,3909.4,1.63,115,2041,88.1,189,0.090808679
"448",63,37,0,"1810",47335,0,"青海省",568,14.43,69.96,29522,3.8,3248.08,106.1,15603.3,4608.5,0.39,19,1082,23.5,232,0.080891847
"449",64,37,0,"1238",47335,0,"宁夏回族自治区",639,13.65,73.38,33043,4.4,3732.19,106.3,17578.9,5410,1.84,4,1912,20.8,212,0.129597458
"450",65,37,0,"3316",47335,0,"新疆维吾尔自治区",2209,14.99,72.35,30087,3.2,3548.79,105.9,15513.6,5442.2,4.41,24,1521,96,183,0.149591837
"451",11,41,0.2049008168028,"695",28661,878,"北京市",2019,8.29,80.18,81658,1.4,16851.95,105.6,32903,14735.7,6.35,13,5613,11.7,430,-0.052302891
"452",12,41,0.0543757292882147,"711",28661,233,"天津市",1355,8.58,78.89,85213,3.6,8744.77,104.9,26920.9,12321.2,2.17,0,4329,18,450,0.062547995
"453",13,41,0.0340723453908985,"418",28661,146,"河北省",7241,13.02,74.97,33969,3.8,3982.85,105.7,18292.2,7119.7,7.11,18,2006,88.1,265,0.125416784
"454",14,41,0.0326721120186698,"437",28661,140,"山西省",3593,10.47,74.92,31357,3.5,3432.71,105.2,18123.9,5601.4,3.25,14,2202,91.7,231,-0.015569257
"455",15,41,0.00630105017502917,"955",28661,27,"内蒙古自治区",2482,8.94,74.44,57974,3.8,3782.93,105.6,20407.6,6641.6,4.11,8,1920,84.8,299,0.074390798
"456",21,41,0.0256709451575263,"1368",28661,110,"辽宁省",4383,5.71,76.38,50760,3.7,4732.65,105.2,20466.8,8296.5,9.6,291,2712,118.6,296,0.050532741
"457",22,41,0.00630105017502917,"1662",28661,27,"吉林省",2749,6.53,76.18,38460,3.7,4363.89,105.2,17796.6,7510,3.87,15,2807,115.6,228,0.196569783
"458",23,41,0.00396732788798133,"1914",28661,17,"黑龙江省",3834,6.99,75.98,32819,4.1,3966.4,105.8,15696.2,7590.7,7.22,1,2409,155.6,240,0.066523259
"459",31,41,0.249241540256709,"943",28661,1068,"上海市",2347,6.97,80.26,82560,3.5,14603.24,105.2,36230.5,16053.8,12.23,0,3556,32.4,450,0.009626659
"460",32,41,0.106184364060677,"666",28661,455,"江苏省",7899,9.59,76.63,62290,3.2,6554.41,105.3,26340.7,10805,23.75,52,2824,40.9,342,0.122138332
"461",33,41,0.110851808634772,"941",28661,475,"浙江省",5463,9.47,77.73,59249,3.1,9838.06,105.4,30970.7,13070.7,10.52,679,2218,8.8,367,0.062655001
"462",34,41,0.00723453908984831,"622",28661,31,"安徽省",5968,12.23,75.08,25659,3.7,4776.1,105.6,18606.1,6232.2,7.6,175,2007,84.2,254,0.135814507
"463",35,41,0.0144690781796966,"1452",28661,62,"福建省",3720,11.41,75.76,47377,3.7,7764.29,105.3,24907.4,8778.6,5.08,102,2200,18.1,218,0.241094949
"464",36,41,0.0116686114352392,"961",28661,50,"江西省",4488,13.48,74.33,26150,3,4147.7,105.2,17494.9,6891.6,4.51,660,2212,98.1,244,0.319243003
"465",37,41,0.0109684947491249,"495",28661,47,"山东省",9637,11.5,76.46,47335,3.4,4447.73,105,22791.8,8342.1,16.56,27,2191,60.6,286,0.127720588
"466",42,41,0.0235705950991832,"569",28661,101,"湖北省",5758,10.39,74.87,34197,4.1,4486.39,105.8,18373.9,6897.9,6.21,580,2991,137.2,252,0.198608068
"467",43,41,0.00350058343057176,"853",28661,15,"湖南省",6596,13.35,74.7,29880,4.2,3790.26,105.5,18844.1,6567.1,4.96,8844,2054,145.1,214,0.204787031
"468",44,41,0.094049008168028,"1516",28661,403,"广东省",10505,10.45,76.49,50807,2.5,7879.17,105.3,26897.5,9371.7,41.06,100,1978,40,254,0.052520705
"469",45,41,0,"1708",28661,0,"广西壮族自治区",4645,13.71,75.11,25326,3.5,3772.47,105.9,18854.1,5231.3,6.45,411,1688,57.3,228,0.059087591
"470",46,41,0,"2108",28661,0,"海南省",877,14.72,76.3,28898,1.7,8943.45,106.1,18369,6446,4.98,107,2079,17.1,250,0.023863766
"471",50,41,0,"1326",28661,0,"重庆市",2919,9.88,75.7,34500,3.5,4733.84,105.3,20249.7,6480.4,4.39,133,2522,56.9,256,0.105779024
"472",51,41,0,"1278",28661,0,"四川省",8050,9.79,74.75,26133,4.2,4917.88,105.3,17899.1,6128.6,7.74,1997,1904,189.3,210,0.188467859
"473",52,41,0,"1544",28661,0,"贵州省",3469,13.31,71.1,16413,3.6,3888.78,105.1,16495,4145.4,3.05,214,1254,54.3,212,0.158409294
"474",53,41,0,"2100",28661,0,"云南省",4631,12.71,69.54,19265,4.1,3635.38,104.9,18575.6,4722,3.19,346,1520,93.1,206,0.151165294
"475",54,41,0,"3254",28661,0,"西藏自治区",303,15.39,68.17,20077,3.2,3474.51,105,16195.6,4904.3,0.29,139,1446,4.3,306,0.19976174
"476",61,41,0,"478",28661,0,"陕西省",3743,9.75,74.68,33464,3.6,4949.2,105.7,18245.2,5027.9,2.82,667,3378,84.6,284,0.316626762
"477",62,41,0,"1103",28661,0,"甘肃省",2564,12.08,72.23,19595,3.1,3318.24,105.9,14988.7,3909.4,1.63,115,2041,88.1,189,0.090808679
"478",63,41,0,"1338",28661,0,"青海省",568,14.43,69.96,29522,3.8,3248.08,106.1,15603.3,4608.5,0.39,19,1082,23.5,232,0.080891847
"479",64,41,0,"1189",28661,0,"宁夏回族自治区",639,13.65,73.38,33043,4.4,3732.19,106.3,17578.9,5410,1.84,4,1912,20.8,212,0.129597458
"480",65,41,0,"3027",28661,0,"新疆维吾尔自治区",2209,14.99,72.35,30087,3.2,3548.79,105.9,15513.6,5442.2,4.41,24,1521,96,183,0.149591837
"481",11,42,0.114928425357873,"1171",34197,281,"北京市",2019,8.29,80.18,81658,1.4,16851.95,105.6,32903,14735.7,6.35,13,5613,11.7,430,-0.052302891
"482",12,42,0.0298568507157464,"1187",34197,73,"天津市",1355,8.58,78.89,85213,3.6,8744.77,104.9,26920.9,12321.2,2.17,0,4329,18,450,0.062547995
"483",13,42,0.0196319018404908,"955",34197,48,"河北省",7241,13.02,74.97,33969,3.8,3982.85,105.7,18292.2,7119.7,7.11,18,2006,88.1,265,0.125416784
"484",14,42,0.0233128834355828,"997",34197,57,"山西省",3593,10.47,74.92,31357,3.5,3432.71,105.2,18123.9,5601.4,3.25,14,2202,91.7,231,-0.015569257
"485",15,42,0.00613496932515337,"1514",34197,15,"内蒙古自治区",2482,8.94,74.44,57974,3.8,3782.93,105.6,20407.6,6641.6,4.11,8,1920,84.8,299,0.074390798
"486",21,42,0.0106339468302658,"1827",34197,26,"辽宁省",4383,5.71,76.38,50760,3.7,4732.65,105.2,20466.8,8296.5,9.6,291,2712,118.6,296,0.050532741
"487",22,42,0.00572597137014315,"2137",34197,14,"吉林省",2749,6.53,76.18,38460,3.7,4363.89,105.2,17796.6,7510,3.87,15,2807,115.6,228,0.196569783
"488",23,42,0.00531697341513292,"2389",34197,13,"黑龙江省",3834,6.99,75.98,32819,4.1,3966.4,105.8,15696.2,7590.7,7.22,1,2409,155.6,240,0.066523259
"489",31,42,0.239263803680982,"908",34197,585,"上海市",2347,6.97,80.26,82560,3.5,14603.24,105.2,36230.5,16053.8,12.23,0,3556,32.4,450,0.009626659
"490",32,42,0.0470347648261759,"614",34197,115,"江苏省",7899,9.59,76.63,62290,3.2,6554.41,105.3,26340.7,10805,23.75,52,2824,40.9,342,0.122138332
"491",33,42,0.14478527607362,"860",34197,354,"浙江省",5463,9.47,77.73,59249,3.1,9838.06,105.4,30970.7,13070.7,10.52,679,2218,8.8,367,0.062655001
"492",34,42,0.00613496932515337,"457",34197,15,"安徽省",5968,12.23,75.08,25659,3.7,4776.1,105.6,18606.1,6232.2,7.6,175,2007,84.2,254,0.135814507
"493",35,42,0.0359918200408998,"924",34197,88,"福建省",3720,11.41,75.76,47377,3.7,7764.29,105.3,24907.4,8778.6,5.08,102,2200,18.1,218,0.241094949
"494",36,42,0.0310838445807771,"434",34197,76,"江西省",4488,13.48,74.33,26150,3,4147.7,105.2,17494.9,6891.6,4.51,660,2212,98.1,244,0.319243003
"495",37,42,0.00286298568507157,"919",34197,7,"山东省",9637,11.5,76.46,47335,3.4,4447.73,105,22791.8,8342.1,16.56,27,2191,60.6,286,0.127720588
"496",41,42,0.00940695296523517,"569",34197,23,"河南省",9388,11.56,74.57,28661,3.4,3500.8,105.6,18194.8,6604,6.96,49,1901,141.9,202,0.150821828
"497",43,42,0.0192229038854806,"361",34197,47,"湖南省",6596,13.35,74.7,29880,4.2,3790.26,105.5,18844.1,6567.1,4.96,8844,2054,145.1,214,0.204787031
"498",44,42,0.248670756646217,"1021",34197,608,"广东省",10505,10.45,76.49,50807,2.5,7879.17,105.3,26897.5,9371.7,41.06,100,1978,40,254,0.052520705
"499",45,42,0,"1215",34197,0,"广西壮族自治区",4645,13.71,75.11,25326,3.5,3772.47,105.9,18854.1,5231.3,6.45,411,1688,57.3,228,0.059087591
"500",46,42,0,"1615",34197,0,"海南省",877,14.72,76.3,28898,1.7,8943.45,106.1,18369,6446,4.98,107,2079,17.1,250,0.023863766
"501",50,42,0,"1078",34197,0,"重庆市",2919,9.88,75.7,34500,3.5,4733.84,105.3,20249.7,6480.4,4.39,133,2522,56.9,256,0.105779024
"502",51,42,0,"1455",34197,0,"四川省",8050,9.79,74.75,26133,4.2,4917.88,105.3,17899.1,6128.6,7.74,1997,1904,189.3,210,0.188467859
"503",52,42,0,"1278",34197,0,"贵州省",3469,13.31,71.1,16413,3.6,3888.78,105.1,16495,4145.4,3.05,214,1254,54.3,212,0.158409294
"504",53,42,0,"1834",34197,0,"云南省",4631,12.71,69.54,19265,4.1,3635.38,104.9,18575.6,4722,3.19,346,1520,93.1,206,0.151165294
"505",54,42,0,"3500",34197,0,"西藏自治区",303,15.39,68.17,20077,3.2,3474.51,105,16195.6,4904.3,0.29,139,1446,4.3,306,0.19976174
"506",61,42,0,"813",34197,0,"陕西省",3743,9.75,74.68,33464,3.6,4949.2,105.7,18245.2,5027.9,2.82,667,3378,84.6,284,0.316626762
"507",62,42,0,"1446",34197,0,"甘肃省",2564,12.08,72.23,19595,3.1,3318.24,105.9,14988.7,3909.4,1.63,115,2041,88.1,189,0.090808679
"508",63,42,0,"1679",34197,0,"青海省",568,14.43,69.96,29522,3.8,3248.08,106.1,15603.3,4608.5,0.39,19,1082,23.5,232,0.080891847
"509",64,42,0,"1471",34197,0,"宁夏回族自治区",639,13.65,73.38,33043,4.4,3732.19,106.3,17578.9,5410,1.84,4,1912,20.8,212,0.129597458
"510",65,42,0,"3323",34197,0,"新疆维吾尔自治区",2209,14.99,72.35,30087,3.2,3548.79,105.9,15513.6,5442.2,4.41,24,1521,96,183,0.149591837
"511",11,43,0.0374501992031872,"1516",29880,94,"北京市",2019,8.29,80.18,81658,1.4,16851.95,105.6,32903,14735.7,6.35,13,5613,11.7,430,-0.052302891
"512",12,43,0.0103585657370518,"1576",29880,26,"天津市",1355,8.58,78.89,85213,3.6,8744.77,104.9,26920.9,12321.2,2.17,0,4329,18,450,0.062547995
"513",13,43,0.0051792828685259,"1240",29880,13,"河北省",7241,13.02,74.97,33969,3.8,3982.85,105.7,18292.2,7119.7,7.11,18,2006,88.1,265,0.125416784
"514",14,43,0.00677290836653386,"1281",29880,17,"山西省",3593,10.47,74.92,31357,3.5,3432.71,105.2,18123.9,5601.4,3.25,14,2202,91.7,231,-0.015569257
"515",15,43,0.00239043824701195,"1798",29880,6,"内蒙古自治区",2482,8.94,74.44,57974,3.8,3782.93,105.6,20407.6,6641.6,4.11,8,1920,84.8,299,0.074390798
"516",21,43,0.00398406374501992,"2132",29880,10,"辽宁省",4383,5.71,76.38,50760,3.7,4732.65,105.2,20466.8,8296.5,9.6,291,2712,118.6,296,0.050532741
"517",22,43,0.00239043824701195,"2433",29880,6,"吉林省",2749,6.53,76.18,38460,3.7,4363.89,105.2,17796.6,7510,3.87,15,2807,115.6,228,0.196569783
"518",23,43,0.000398406374501992,"2700",29880,1,"黑龙江省",3834,6.99,75.98,32819,4.1,3966.4,105.8,15696.2,7590.7,7.22,1,2409,155.6,240,0.066523259
"519",31,43,0.152589641434263,"1049",29880,383,"上海市",2347,6.97,80.26,82560,3.5,14603.24,105.2,36230.5,16053.8,12.23,0,3556,32.4,450,0.009626659
"520",32,43,0.0254980079681275,"927",29880,64,"江苏省",7899,9.59,76.63,62290,3.2,6554.41,105.3,26340.7,10805,23.75,52,2824,40.9,342,0.122138332
"521",33,43,0.108366533864542,"971",29880,272,"浙江省",5463,9.47,77.73,59249,3.1,9838.06,105.4,30970.7,13070.7,10.52,679,2218,8.8,367,0.062655001
"522",34,43,0.00358565737051793,"771",29880,9,"安徽省",5968,12.23,75.08,25659,3.7,4776.1,105.6,18606.1,6232.2,7.6,175,2007,84.2,254,0.135814507
"523",35,43,0.0203187250996016,"967",29880,51,"福建省",3720,11.41,75.76,47377,3.7,7764.29,105.3,24907.4,8778.6,5.08,102,2200,18.1,218,0.241094949
"524",36,43,0.0434262948207171,"453",29880,109,"江西省",4488,13.48,74.33,26150,3,4147.7,105.2,17494.9,6891.6,4.51,660,2212,98.1,244,0.319243003
"525",37,43,0.00239043824701195,"1209",29880,6,"山东省",9637,11.5,76.46,47335,3.4,4447.73,105,22791.8,8342.1,16.56,27,2191,60.6,286,0.127720588
"526",41,43,0.00438247011952191,"853",29880,11,"河南省",9388,11.56,74.57,28661,3.4,3500.8,105.6,18194.8,6604,6.96,49,1901,141.9,202,0.150821828
"527",42,43,0.0231075697211155,"361",29880,58,"湖北省",5758,10.39,74.87,34197,4.1,4486.39,105.8,18373.9,6897.9,6.21,580,2991,137.2,252,0.198608068
"528",44,43,0.547410358565737,"734",29880,1374,"广东省",10505,10.45,76.49,50807,2.5,7879.17,105.3,26897.5,9371.7,41.06,100,1978,40,254,0.052520705
"529",45,43,0,"851",29880,0,"广西壮族自治区",4645,13.71,75.11,25326,3.5,3772.47,105.9,18854.1,5231.3,6.45,411,1688,57.3,228,0.059087591
"530",46,43,0,"1326",29880,0,"海南省",877,14.72,76.3,28898,1.7,8943.45,106.1,18369,6446,4.98,107,2079,17.1,250,0.023863766
"531",50,43,0,"1500",29880,0,"重庆市",2919,9.88,75.7,34500,3.5,4733.84,105.3,20249.7,6480.4,4.39,133,2522,56.9,256,0.105779024
"532",51,43,0,"1801",29880,0,"四川省",8050,9.79,74.75,26133,4.2,4917.88,105.3,17899.1,6128.6,7.74,1997,1904,189.3,210,0.188467859
"533",52,43,0,"1105",29880,0,"贵州省",3469,13.31,71.1,16413,3.6,3888.78,105.1,16495,4145.4,3.05,214,1254,54.3,212,0.158409294
"534",53,43,0,"2626",29880,0,"云南省",4631,12.71,69.54,19265,4.1,3635.38,104.9,18575.6,4722,3.19,346,1520,93.1,206,0.151165294
"535",54,43,0,"3960",29880,0,"西藏自治区",303,15.39,68.17,20077,3.2,3474.51,105,16195.6,4904.3,0.29,139,1446,4.3,306,0.19976174
"536",61,43,0,"1097",29880,0,"陕西省",3743,9.75,74.68,33464,3.6,4949.2,105.7,18245.2,5027.9,2.82,667,3378,84.6,284,0.316626762
"537",62,43,0,"1727",29880,0,"甘肃省",2564,12.08,72.23,19595,3.1,3318.24,105.9,14988.7,3909.4,1.63,115,2041,88.1,189,0.090808679
"538",63,43,0,"1960",29880,0,"青海省",568,14.43,69.96,29522,3.8,3248.08,106.1,15603.3,4608.5,0.39,19,1082,23.5,232,0.080891847
"539",64,43,0,"1814",29880,0,"宁夏回族自治区",639,13.65,73.38,33043,4.4,3732.19,106.3,17578.9,5410,1.84,4,1912,20.8,212,0.129597458
"540",65,43,0,"3640",29880,0,"新疆维吾尔自治区",2209,14.99,72.35,30087,3.2,3548.79,105.9,15513.6,5442.2,4.41,24,1521,96,183,0.149591837
"541",11,44,0.14527027027027,"2179",50807,43,"北京市",2019,8.29,80.18,81658,1.4,16851.95,105.6,32903,14735.7,6.35,13,5613,11.7,430,-0.052302891
"542",12,44,0.0168918918918919,"2197",50807,5,"天津市",1355,8.58,78.89,85213,3.6,8744.77,104.9,26920.9,12321.2,2.17,0,4329,18,450,0.062547995
"543",13,44,0.00675675675675676,"1902",50807,2,"河北省",7241,13.02,74.97,33969,3.8,3982.85,105.7,18292.2,7119.7,7.11,18,2006,88.1,265,0.125416784
"544",14,44,0,"1944",50807,0,"山西省",3593,10.47,74.92,31357,3.5,3432.71,105.2,18123.9,5601.4,3.25,14,2202,91.7,231,-0.015569257
"545",15,44,0,"2461",50807,0,"内蒙古自治区",2482,8.94,74.44,57974,3.8,3782.93,105.6,20407.6,6641.6,4.11,8,1920,84.8,299,0.074390798
"546",21,44,0.0101351351351351,"2832",50807,3,"辽宁省",4383,5.71,76.38,50760,3.7,4732.65,105.2,20466.8,8296.5,9.6,291,2712,118.6,296,0.050532741
"547",22,44,0,"3133",50807,0,"吉林省",2749,6.53,76.18,38460,3.7,4363.89,105.2,17796.6,7510,3.87,15,2807,115.6,228,0.196569783
"548",23,44,0.00675675675675676,"3383",50807,2,"黑龙江省",3834,6.99,75.98,32819,4.1,3966.4,105.8,15696.2,7590.7,7.22,1,2409,155.6,240,0.066523259
"549",31,44,0.489864864864865,"1539",50807,145,"上海市",2347,6.97,80.26,82560,3.5,14603.24,105.2,36230.5,16053.8,12.23,0,3556,32.4,450,0.009626659
"550",32,44,0.0371621621621622,"1462",50807,11,"江苏省",7899,9.59,76.63,62290,3.2,6554.41,105.3,26340.7,10805,23.75,52,2824,40.9,342,0.122138332
"551",33,44,0.0777027027027027,"1352",50807,23,"浙江省",5463,9.47,77.73,59249,3.1,9838.06,105.4,30970.7,13070.7,10.52,679,2218,8.8,367,0.062655001
"552",34,44,0.00337837837837838,"1268",50807,1,"安徽省",5968,12.23,75.08,25659,3.7,4776.1,105.6,18606.1,6232.2,7.6,175,2007,84.2,254,0.135814507
"553",35,44,0.0405405405405405,"901",50807,12,"福建省",3720,11.41,75.76,47377,3.7,7764.29,105.3,24907.4,8778.6,5.08,102,2200,18.1,218,0.241094949
"554",36,44,0.0506756756756757,"835",50807,15,"江西省",4488,13.48,74.33,26150,3,4147.7,105.2,17494.9,6891.6,4.51,660,2212,98.1,244,0.319243003
"555",37,44,0.0135135135135135,"1887",50807,4,"山东省",9637,11.5,76.46,47335,3.4,4447.73,105,22791.8,8342.1,16.56,27,2191,60.6,286,0.127720588
"556",41,44,0.0135135135135135,"1516",50807,4,"河南省",9388,11.56,74.57,28661,3.4,3500.8,105.6,18194.8,6604,6.96,49,1901,141.9,202,0.150821828
"557",42,44,0.0304054054054054,"1021",50807,9,"湖北省",5758,10.39,74.87,34197,4.1,4486.39,105.8,18373.9,6897.9,6.21,580,2991,137.2,252,0.198608068
"558",43,44,0.0574324324324324,"734",50807,17,"湖南省",6596,13.35,74.7,29880,4.2,3790.26,105.5,18844.1,6567.1,4.96,8844,2054,145.1,214,0.204787031
"559",45,44,0,"734",50807,0,"广西壮族自治区",4645,13.71,75.11,25326,3.5,3772.47,105.9,18854.1,5231.3,6.45,411,1688,57.3,228,0.059087591
"560",46,44,0,"601",50807,0,"海南省",877,14.72,76.3,28898,1.7,8943.45,106.1,18369,6446,4.98,107,2079,17.1,250,0.023863766
"561",50,44,0,"1710",50807,0,"重庆市",2919,9.88,75.7,34500,3.5,4733.84,105.3,20249.7,6480.4,4.39,133,2522,56.9,256,0.105779024
"562",51,44,0,"2047",50807,0,"四川省",8050,9.79,74.75,26133,4.2,4917.88,105.3,17899.1,6128.6,7.74,1997,1904,189.3,210,0.188467859
"563",52,44,0,"470",50807,0,"贵州省",3469,13.31,71.1,16413,3.6,3888.78,105.1,16495,4145.4,3.05,214,1254,54.3,212,0.158409294
"564",53,44,0,"1585",50807,0,"云南省",4631,12.71,69.54,19265,4.1,3635.38,104.9,18575.6,4722,3.19,346,1520,93.1,206,0.151165294
"565",54,44,0,"4148",50807,0,"西藏自治区",303,15.39,68.17,20077,3.2,3474.51,105,16195.6,4904.3,0.29,139,1446,4.3,306,0.19976174
"566",61,44,0,"1760",50807,0,"陕西省",3743,9.75,74.68,33464,3.6,4949.2,105.7,18245.2,5027.9,2.82,667,3378,84.6,284,0.316626762
"567",62,44,0,"2393",50807,0,"甘肃省",2564,12.08,72.23,19595,3.1,3318.24,105.9,14988.7,3909.4,1.63,115,2041,88.1,189,0.090808679
"568",63,44,0,"2627",50807,0,"青海省",568,14.43,69.96,29522,3.8,3248.08,106.1,15603.3,4608.5,0.39,19,1082,23.5,232,0.080891847
"569",64,44,0,"2479",50807,0,"宁夏回族自治区",639,13.65,73.38,33043,4.4,3732.19,106.3,17578.9,5410,1.84,4,1912,20.8,212,0.129597458
"570",65,44,0,"4316",50807,0,"新疆维吾尔自治区",2209,14.99,72.35,30087,3.2,3548.79,105.9,15513.6,5442.2,4.41,24,1521,96,183,0.149591837
